Team,PtDiff,Offense,Defense,Threes,DefRebounds,OffRebounds,Blocks,Turnovers,Assists,Steals,FreeThrows,FreeThrowsGiven
Fordham,101.064696594,97.8760448673,102.430795707,100.511058914,98.8750436347,99.7002095293,100.341657174,100.591967195,101.048025742,102.128766401,96.9274554962,97.9044357643
Massachusetts,98.4314008623,101.527777742,96.2063214138,99.8661083323,100.434395039,99.2038169565,100.057189318,99.8064029565,100.512057702,100.267045344,100.697836826,98.4147228161
Maryland,116.504289944,105.328906239,106.891767069,100.67719189,101.9954892,99.3748110186,101.778417599,100.418249685,101.262758452,99.9723585058,99.603955821,102.667648654
LSU,109.2541154,106.549026624,98.9201477236,99.4295926402,102.734370482,100.310672217,99.8771102547,99.7739790504,102.767566753,101.421727626,102.784077041,100.185654443
Loyola-Chicago,96.059670024,91.8106134799,102.68756186,99.0915712002,97.0675892929,97.5927880213,99.2796808257,99.8155835343,98.9180673524,99.1649484533,95.5632555394,102.912968333
Lehigh,95.1094490168,98.3714826954,96.2217793836,100.451796798,98.4931963505,99.68319272,99.5480689001,100.710605416,101.335449309,100.47187074,97.6995542238,102.096118378
Liberty,91.7743767788,89.0644940359,101.898425368,101.030161726,97.1872654081,96.5298166572,97.9191325173,100.758718634,99.628919629,99.3030048173,92.6221430236,99.0869241628
CS Fullerton,94.5132427762,98.6119093889,96.527762833,99.9989021877,99.7503405982,100.052891863,98.2593238101,100.604362796,96.6812764468,99.4862183176,103.191805056,98.0954148941
Stetson,89.5406946555,98.8926422949,91.9371933601,100.331072817,97.8249490785,98.2734939973,98.510910195,100.336409902,99.4743131419,100.088583262,99.2596049872,103.52244964
Stanford,106.331032397,100.475765002,103.991389748,98.536556661,99.7904955805,101.085894421,99.9299550335,99.1847094673,98.967944847,100.612917689,104.486919505,101.930036225
Boise St,105.965992639,104.457332147,99.8531107428,100.892400563,100.50516866,98.9677777187,98.8437591284,99.5744631303,100.218537945,99.7748611924,102.650025111,103.234023875
Auburn,101.039162002,102.013161846,95.9466302853,101.863090226,100.680597081,100.403235331,100.555492121,100.827719653,99.5568707244,99.5383127495,101.713984923,98.5229556919
Austin Peay,94.0613294851,97.5399813714,96.500432746,99.1062343497,99.1698466553,100.279823042,99.4344994885,101.516783256,99.1728954389,101.027213784,101.657407779,102.197328228
Ball St,99.6503136088,95.6069975285,102.869113115,100.787413508,100.389538738,99.2276814222,99.9253646718,99.9572658861,100.614283894,99.9655220485,97.1957819641,99.8140472955
Baylor,113.51346042,104.660667583,104.20002818,99.3862177919,99.9412194939,102.352781341,100.330105074,99.3776617814,104.206178192,101.39334866,101.215712897,101.110070728
Belmont,104.735420359,107.821031865,94.790334867,102.337889846,101.892496731,98.4602708068,98.9655605971,100.62826855,102.945752102,98.8178642985,99.2900624422,99.697322182
Bethune-Cookman,88.2110212462,94.0945974187,96.9008533932,100.025776127,96.8471172934,100.937784043,101.969428314,100.087280108,97.5246760418,99.9008204427,96.8782445242,100.349775866
Binghamton,87.2184796672,86.6563325196,101.455333685,99.1983980118,99.0429762264,98.4241181738,98.7378199594,101.77695684,97.9673950115,99.2278107357,99.1661450921,102.193729166
Alabama St,89.2380162132,95.916877624,94.8650321937,99.6850048386,98.2252137534,100.711806186,99.9101732785,99.476919199,98.2935071225,99.7245691921,98.9764694679,97.6416527705
Albany NY,102.992607783,98.4203581693,102.955665295,99.1681185823,99.547219356,100.125944934,98.2781186918,100.338141564,99.250223563,100.013368696,104.033795735,105.358795924
William & Mary,106.971692709,103.696628819,100.400621563,100.866616625,102.971478452,98.147817195,100.392771671,98.9247052652,102.765265125,99.8773033764,100.055941209,104.221384138
Tulsa,107.558423345,101.380016273,102.358784791,99.5935962239,100.7738434,99.5429920793,99.6652930032,98.6823508708,100.427653175,100.557082041,101.775854383,100.702999706
Tulane,97.7084796173,94.7696072011,101.911675772,99.0512996391,100.545079053,101.351205296,100.323348672,100.852944925,98.5051018717,99.7274468149,97.2913137134,100.383611075
Texas Tech,109.654491715,101.990262474,103.842702807,98.6902639661,100.910945459,100.112560032,100.707323476,98.7746519144,99.8525996791,99.9507408544,101.72748601,101.311977557
Texas St,94.7353634554,91.849050103,103.259039554,97.5571312573,96.8934639045,100.452094296,99.565250674,98.8848799085,98.3170138939,100.261919962,99.0218374321,102.824937429
Texas A&M,117.380768077,103.907325298,107.268749872,100.783995093,101.849453098,101.132529769,100.460367975,99.4563987341,103.649030585,101.312726241,101.64073456,101.74151501
Texas,113.505546698,100.854588926,106.970407237,100.058881461,100.610309591,100.612428829,101.033210458,97.2323643831,99.0640453886,99.4652390041,100.571840228,101.65017937
Troy,92.6634184185,98.7380509503,94.447024145,99.6361984638,99.3856114468,99.5908562986,99.1145138154,99.4459518288,99.0692415778,100.315315438,99.6131438629,101.204973782
Towson,99.6600442857,97.9709782962,101.204299403,98.9083862509,99.6481442258,102.757533271,100.548900866,99.8188855917,98.4117089075,99.6564833636,104.017891838,100.305395192
Toledo,102.985891434,102.650785484,98.1991705951,100.790136162,100.93053931,99.3890171093,98.6208594087,98.7363434815,101.52400558,99.1418103606,98.5030337833,103.345564716
TN Martin,94.3828731629,96.0088303535,98.1270658717,100.060159827,99.8036602386,99.6385903041,98.4515305113,100.342760478,98.2129232533,99.4077105707,98.2637780889,101.832241375
Iowa,119.379862191,108.71727308,105.280517034,101.616644253,102.256045935,100.475309778,101.869503574,98.4182403486,102.696997706,100.895571394,99.8154798956,104.028162776
Iowa St,115.651549586,111.134296228,100.200941547,100.867896241,102.564318392,99.4789353256,100.701410236,98.3753915665,102.553401505,100.63877308,96.5078766079,106.162214555
IPFW,101.8924403,103.436554895,97.1102798253,102.402578251,101.049422587,99.0191362012,99.8357171769,99.5833565886,101.879318371,99.3941501407,99.6113257953,101.262356482
IUPUI,96.3853900665,96.7691550934,99.0843185545,99.2297999191,99.0976004853,99.5232956394,99.0182571451,100.478411151,97.7893883613,100.941634534,98.6781562677,99.6021899054
Portland,97.2302241357,103.395080211,94.2496001587,101.447362074,99.2000398786,100.287540624,100.515888419,100.444874023,99.8905103372,100.738534441,98.7534679892,96.3608082079
Pittsburgh,114.376404868,105.795180421,103.506549309,100.084794354,100.784787994,101.314184206,100.411446311,99.0181843249,103.28006524,99.2606620314,101.11694374,102.39947029
Indiana St,102.851249112,98.7654502941,102.006532977,99.8805180073,101.401507124,99.9553467152,99.3345386966,100.527084811,98.7301444928,100.152052784,102.403214909,96.8893142824
Iona,101.865254118,104.457441616,95.4006182299,102.231206015,100.656610809,99.5343601625,100.224978103,100.662428605,102.532417392,101.002850215,99.3961932685,98.4178273289
Penn,93.6286815329,96.4826401113,97.4124596822,100.739658106,99.1765648527,99.4548410359,99.0407064352,99.9482970615,100.355057405,98.0203918384,97.5172582261,100.34930353
Pacific,95.7599413473,96.0462632333,99.8012013905,99.7001209615,99.6278770686,99.179617496,98.8270752926,100.74015331,99.3309338531,98.7858815264,98.7563347357,96.1869982827
Pepperdine,102.843018867,99.6560922119,102.212153365,98.1596395923,100.480654396,100.370418117,99.7274939973,99.3781539122,100.719719367,100.220671548,100.765599401,101.235525897
WI Green Bay,102.119892829,110.177382634,93.3229578582,100.350159997,100.15356208,101.34488464,100.651673076,99.7119542911,100.735852026,102.557283897,104.697158264,98.051446896
Oral Roberts,98.5539948206,101.591022104,97.0644333935,99.4980598478,100.116376088,99.6315838316,100.438518021,99.8685246155,99.1216837741,99.2136732203,100.718669137,102.052562745
Jacksonville,93.5583871801,98.4979201674,95.4530055729,101.770676646,100.570018847,98.8501756356,99.3135126094,99.077114732,98.9951641955,99.7184280196,97.386810124,100.792057429
Oregon St,107.389304537,101.501235133,103.349957568,99.7242051351,99.6398466496,100.334629188,100.120363918,99.3774786308,101.452723275,100.853205479,100.533545219,100.325138067
Oregon,115.055728139,107.079202246,103.895998617,100.007721297,100.86083076,100.853340507,101.957145518,99.9117468432,101.040094258,101.077102174,101.862094608,102.740006622
Wake Forest,103.712721836,103.493190317,97.5282128397,99.2747487908,102.202940641,101.356378207,100.991000906,101.870160506,100.624472166,100.050404117,104.870978886,99.6604536785
James Madison,107.134054711,99.1804312745,104.022341202,101.609408972,102.108573538,100.087121852,99.3527786547,99.0702214915,99.1483525778,98.2668086985,99.8912874651,100.501939551
Jacksonville St,91.7285251374,94.2515715668,98.2519313651,100.238199429,95.5606860071,99.1223147115,99.1668060471,98.3164329946,98.315849477,99.1917049228,96.2765168421,98.6039331186
Kansas St,110.561275618,99.9158948674,106.409980275,98.3869127787,100.240334647,102.475781816,99.4985076747,99.9414269951,100.741618016,101.272617501,101.728113469,100.639297654
Kansas,119.109240254,108.865666217,104.017867563,101.076472313,102.696151094,100.147084851,100.442086939,99.5034905564,102.441756328,101.018032657,101.142303922,101.29672033
Kent,100.110179924,99.6145544301,99.4985061344,98.3014714294,99.5263791476,101.843694624,100.199149112,99.6350981607,98.8523200856,99.5006087976,102.623908202,101.417344121
Kennesaw,90.9643710506,96.5233515659,94.6982781636,99.2963170335,98.4088810429,99.5166218178,99.6610622065,100.016722557,98.8030260564,100.457001345,97.9982983797,98.9004516743
La Salle,91.6891289577,94.3696890683,98.38524903,101.37981621,97.0918076563,98.4593599882,99.470522081,99.5334779302,99.3152628481,100.762053815,95.7504200197,100.354747261
Kentucky,114.891167391,106.005759672,105.122081824,99.0110475017,101.030164789,101.994972645,101.888792294,99.6336540267,100.703073367,100.121444272,101.291150407,98.9601805898
Lamar,87.1469234719,97.8592042182,92.1638917072,99.4056712138,99.7209968243,101.307990118,100.2625264,101.872339311,99.1994641644,100.278973312,102.894031194,96.4540755082
Lafayette,87.5451011386,97.8839851764,90.9030444525,100.751243082,98.5341427487,98.2264862386,98.8008738597,100.291869769,100.721573695,99.478806222,98.1746267237,99.9376798183
VMI,87.3460168483,91.8345257597,96.5298761435,101.24249369,97.5194980437,99.9359539827,99.7370679956,99.6274185137,97.7800960338,100.17447316,92.1829480556,98.2220459765
Florida St,111.321074889,106.203282828,101.424000087,99.3126204598,101.672791279,101.095289677,100.869325299,101.162313646,100.426794742,101.065196958,103.706255472,100.223830632
Florida Intl,96.8220135268,96.2715023273,100.031138142,99.0558734559,100.264181922,98.6889363129,101.061108357,99.8753582832,98.8397548677,99.1854248282,98.5061788587,101.084209235
Evansville,108.17301309,102.95045382,101.710200511,98.0268219354,101.655597453,97.4740670518,100.601790849,100.339199612,104.167287667,99.5315575953,102.223740013,102.130609128
ETSU,99.7615338633,100.874158253,97.5481569134,100.587249226,98.8333289655,100.12781337,99.6781761128,98.6278518606,99.2302023151,100.441508204,98.4237544188,99.936371693
Fairfield,97.4136991256,101.990175445,93.2960279028,101.659119801,100.710691241,98.4629955879,99.8784293835,100.43702444,101.760820604,100.151228752,97.512864748,99.116716498
F Dickinson,92.2696350717,100.420782293,92.6286316739,100.368144764,96.3048470655,99.6625771833,98.8457865832,99.9141561467,100.505814643,101.374257094,99.5037039815,95.0209096361
FL Gulf Coast,97.6283680878,98.487704359,99.0545993485,98.3738959258,99.8667032542,99.7253426479,100.313821653,99.8922035977,98.4367291985,100.191723907,98.2680248043,99.075217873
FL Atlantic,92.41444706,92.6321606883,99.9456503901,99.0746167723,99.7749445453,97.586578958,100.28615701,99.4764814595,98.4327647762,99.3002139114,98.6155041435,98.7255917258
Florida A&M,79.8835869165,86.9165592974,95.9220347325,98.4165516085,98.7832548519,98.7557872279,98.5407271948,101.977285963,96.7828056603,100.348356351,100.121972658,100.004928106
Florida,115.770207321,103.429707055,106.629698315,100.248998817,102.269561821,102.50129339,101.003482162,99.4720716762,100.623181805,100.940977082,102.003750108,101.265968302
Minnesota,99.8196765475,98.0741734323,99.7454355062,99.461171491,100.005230215,98.8197345302,100.438430806,98.9293059733,99.5141484659,99.7842060758,101.816932112,100.531638745
Mississippi,104.566927443,102.004023879,99.8169218277,100.109730521,99.4208795681,101.258803595,99.9439107723,99.4708028014,100.143132632,101.710164853,101.565214805,99.6045838292
Delaware St,80.5051397737,85.7474139301,97.6689339893,99.3545569874,96.9873464241,99.4975771435,99.6565318583,101.299745366,97.6691957221,99.904820572,96.3327320133,100.16881228
Delaware,92.5841079441,97.1368180253,95.7889220314,99.4894487238,101.21658559,100.833424843,99.7725087797,99.4507826,98.5778917165,98.3326055206,102.027477258,102.703147825
Dayton,111.748462472,100.529694419,106.60497332,99.9604222215,101.727041927,99.4315417287,100.998057167,100.514696424,100.815902256,100.186587321,102.175865703,102.177435159
Davidson,103.774917225,106.695500826,94.5352405943,102.675795419,100.54723514,99.2611353769,99.5204100118,98.116821045,101.488830417,99.2312521854,99.8892075788,101.733463421
Dartmouth,94.3411066195,94.2691016795,100.365249354,98.8196371748,98.0968163618,100.662757961,98.6059765044,101.09004408,99.4649695688,99.9141512761,100.709369889,99.0337899514
CS Sacramento,94.5343281584,99.2594198629,96.2689717037,99.9848598615,99.5364462654,99.1924739131,100.237764688,99.5371176786,100.077239492,99.7608858218,99.3229917331,98.3021992308
McNeese St,89.2533052855,94.7590288615,95.8952598569,99.8339357981,100.254719986,100.029786943,100.822022283,99.8087328757,98.1799801407,99.3993660813,98.622631658,99.9927647625
MD E Shore,88.8887929989,94.9832737139,96.6228853185,99.7258128984,97.0219358516,99.2085862269,99.2037944908,101.559426163,98.8300848039,100.04352018,98.5255030696,97.7431170125
Memphis,107.179691877,104.169572,99.5732613065,98.6069018082,102.277627686,101.13101582,101.984020393,100.216028465,100.799695758,101.0562458,105.373725452,98.9860118736
Mercer,101.957807277,95.1838425344,104.790013559,99.3662012471,100.430126303,100.271080909,98.4254722649,99.8897472962,100.993937262,99.281304391,95.949838669,102.748348021
Miami FL,117.941093321,105.994484372,105.657931613,100.169419078,102.130852365,99.9050691677,100.454341829,98.7705363587,100.371947223,100.157073547,103.101670225,103.454471266
Miami OH,94.0214200623,92.6178011285,101.075176494,98.8389836844,96.7186842795,100.12026225,98.7963404487,100.13848324,97.2602936636,100.465615215,98.1704051122,100.128272711
Michigan,114.235071541,104.160643403,104.058773201,103.054047198,99.9980419247,98.0517026015,99.175615331,97.5641716407,101.593138691,99.610259768,96.6765638154,105.183860055
Michigan St,120.100820153,106.999239519,106.284994878,101.124297095,104.037402062,101.303413736,101.635722054,99.1865013353,106.073005631,98.8851136944,98.9860966417,101.109685173
Montana,99.076904869,96.0683673258,103.524882247,99.9242237946,99.6803949082,98.7160422201,99.1887381954,100.366168482,99.5340360726,99.3755505451,98.5936651101,98.6955131466
Monmouth NJ,108.365975367,105.884862877,99.5567000275,100.857632185,102.289603403,98.943586155,100.594410863,99.5473383534,99.6021934651,100.909437519,102.158813496,98.0864960954
Morehead St,101.272732635,95.3642528218,103.659792665,99.1385248543,96.6263850451,102.293986047,99.222357883,99.8199328048,99.9177985662,101.417447453,98.3097211003,97.3261368317
Montana St,92.8180814905,100.01482272,93.2669100478,101.859036972,98.8786922341,101.380148841,98.7415173994,99.804944778,99.5394847889,98.5898189391,97.6593805328,98.8015878965
Missouri,99.6332084165,97.2939275475,100.435728834,98.526888772,100.859625311,99.1574321105,99.585959534,99.5287792844,98.953680503,100.02325299,99.715709454,99.8198702782
Mississippi St,105.114159771,103.555024266,98.8089605734,99.8489146436,99.4268510561,100.123352272,100.703263348,99.2793124359,100.717587459,100.378160459,97.0886206756,100.613177292
Missouri St,95.7617972442,96.402795474,97.8501243114,98.3288082958,99.9815052839,99.9853132402,100.261407672,100.313566917,99.709518106,100.44546286,101.530037083,101.754228637
Missouri KC,94.9914309123,97.625351177,98.2679380735,99.957905039,98.9926087449,99.642816374,99.3747831491,100.637485983,98.6626782691,99.6677606881,98.1108842735,98.5361750823
Winthrop,99.2512139626,105.373827863,92.8786171913,100.753847419,100.282075732,98.6899849482,101.370501302,100.299887124,97.7852600802,99.7518285085,101.619374196,98.6210354063
Morgan St,89.3575597582,94.4826451438,95.9359804131,98.7893538111,97.7370932609,99.7893420879,98.6698687718,99.2701953971,98.5663551285,100.323405206,99.1616727013,99.3324801095
Nebraska,107.675849303,101.692985057,101.956690742,99.7519992802,100.406238326,100.299611489,99.9529275796,99.6571650588,98.8838737741,101.302935796,99.9023794272,98.3711724547
Nevada,101.812427186,101.306426601,99.8521040856,98.3141841255,101.688182028,102.158193072,101.808812674,99.80910514,99.2063531967,100.878905212,102.863957678,97.7941409905
New Hampshire,92.3166502912,97.3916956807,95.6488648805,99.6314616332,100.50769466,100.206318384,98.2295174135,99.6295763069,98.7748087002,97.6998964773,101.025921802,100.553027101
New Mexico,106.849615141,105.567279897,99.7272211546,99.2578913908,102.153537625,99.4594850943,100.779192983,102.52617275,101.696965094,99.9391994208,103.539724038,98.732662443
NC Central,89.634953641,94.3166661174,96.8895792406,98.8418209831,97.7357484574,100.187715696,98.1405521802,100.682129816,98.5932647971,100.27779496,99.7037030255,99.5890815207
NC State,108.676868316,102.448932147,102.85092485,99.0109813329,101.527550992,102.569616339,100.739052388,98.3791907529,99.2359931325,98.823848491,103.168289706,103.700113548
NE Omaha,102.891731952,107.846646782,93.1827115453,98.6192305256,99.6426240429,99.4634714416,99.4253165668,100.721628116,100.863071251,102.748937776,103.195566222,98.786933123
New Mexico St,103.580825708,97.4267832566,105.046732409,97.9418063722,102.194671895,101.428622529,100.748823748,101.037985024,99.8338470892,97.8234200796,97.9463563888,104.444062399
New Orleans,91.5880168867,96.2884668034,96.0557694065,97.7667603457,99.1933344484,101.886447593,99.8430406824,101.116997626,99.4492361485,100.982442735,102.871040442,96.7793780704
Seton Hall,110.981929665,103.452477573,103.911408129,98.8478946831,102.096442547,102.942895959,100.912585742,100.190355355,100.516692827,100.781111612,102.124805517,101.932161834
Seattle,90.8190496783,91.3548290181,100.462135741,99.6421959979,99.1967436714,98.5630197492,98.216663355,102.039190591,99.5311656149,99.4508920658,96.082160409,101.733683683
Siena,103.793503157,102.468290951,99.2786668535,99.1896284048,100.625906,100.704393273,100.902979618,101.912705092,100.103038211,100.137710576,102.647088468,98.0681396282
SF Austin,104.96177568,101.034939369,101.796097183,100.577582374,97.6233475263,100.013618086,99.831312052,99.4591008505,102.472291264,100.831780897,96.8891408909,100.683018237
South Alabama,93.2948399888,95.7354568212,98.6419719955,99.3322656603,99.4374905005,100.84596066,99.7604317137,100.992884411,98.1807651479,100.393442052,99.2994610611,98.9914239348
SMU,116.536685486,106.081380119,104.673365348,99.5007695592,101.255776187,102.530325826,100.862200606,100.080868432,102.870156553,99.6801653504,100.285975079,103.49001837
South Dakota,95.8577389113,101.232078852,94.8249095141,99.8380967793,98.2036690868,98.5171684972,99.577813713,98.9943803691,102.088962222,100.609517939,97.3057259042,98.7336794236
South Carolina,110.317429021,104.413459091,102.629760505,98.8905763538,102.185943812,102.057331682,100.971160632,101.305794526,99.9021026755,100.375800425,105.62043706,99.6897038843
Southern Miss,90.7089385522,89.8670642076,101.915078054,100.425717812,98.2796716999,98.2612638515,98.7825328355,100.283006443,98.285858983,98.518383782,97.7672658933,99.869482803
South Florida,95.1608156717,93.3881234768,100.946974496,97.0198632717,101.947449323,101.123901531,101.348916496,101.972249517,97.1529474491,98.2424489107,99.6565767529,98.8449448318
Illinois St,99.5155937665,96.7995104378,101.050487008,100.028233829,98.8826919591,100.711963336,100.143108517,100.392732989,99.9765690539,100.366717326,97.8834714221,101.251320555
Illinois,102.508430801,102.296633571,98.8127956511,101.116333251,99.1649002531,97.5588500567,98.6469021769,98.0608028704,100.68684999,99.6904336124,100.167524684,104.01092382
DePaul,101.429781338,98.8330173893,101.009248878,98.6662449917,100.731858428,100.241703697,99.9319928572,101.579631484,99.8049761606,98.9371938114,99.3181571193,98.9578662184
Denver,95.6098748568,91.2275536921,103.763924853,100.137678366,95.8731067377,95.4723237611,98.8817655496,100.240044596,100.58234902,100.239529315,95.7936731001,100.068655084
Butler,114.151520042,106.07312608,101.962043656,99.7800227587,99.9792255822,100.497865929,100.021183558,97.934487876,100.967815543,100.398209188,102.225438971,100.187250662
Buffalo,101.491041919,101.56578724,98.2080632141,99.8002961448,101.222138128,100.932180438,100.045532949,100.690314107,99.3082674124,100.851411003,104.240142802,99.823628174
Bradley,86.826933955,86.5923921601,100.587714972,98.3700443863,100.434925704,99.295362132,99.5239604463,102.155840444,96.3762873086,98.7785645217,99.1938131054,96.4915589033
Bowling Green,96.5818394205,97.8614714126,98.1594134229,98.888852598,101.011878944,100.323022455,100.10002702,100.100989362,97.501871769,99.9851296614,102.475248147,99.289226022
Boston Univ,95.8315018662,99.1256604111,95.9691218764,100.908254945,99.7847051404,98.3751401977,99.9796170291,101.36670487,100.376188768,99.332493453,99.8815188948,100.032592827
Boston College,96.6175624254,92.9426064372,103.435923447,100.366363297,100.923328188,97.8373014056,100.139955518,100.540868698,99.4059841402,99.7217607231,96.5510966293,100.547193723
Bucknell,99.9072061668,103.305992399,96.0796961652,100.119025144,100.377014799,98.5954896991,99.3524271572,100.65718368,101.096601775,100.623626625,103.158849723,96.9775276981
Bryant,85.3186001591,91.4717094513,96.491021431,99.8344051716,98.7204246869,99.7215934986,99.5937956073,100.41773001,99.8857822626,99.8728600958,94.4554464128,102.703006805
Brown,92.4175126471,99.8424904138,92.9420350458,101.120908292,100.648598154,98.8796844553,100.373427339,100.883830598,102.170307832,98.736830217,101.515296226,98.1802513519
Drake,94.8701969793,97.2272160484,97.2802228955,100.65300785,100.252600029,98.4020750966,98.6866726285,100.160404694,99.4197913697,98.0521604114,96.9940396301,103.107014449
Detroit,97.3976789032,106.912151625,90.4427831594,100.834691914,99.9590781534,100.467712179,100.687889241,101.096215776,99.1275654206,100.422373323,103.422405421,94.4060475108
Vermont,99.1783266872,98.7576492091,99.5871028476,99.7299066331,100.50485071,98.4131987342,100.480768002,100.058602146,99.6189105401,99.335428119,100.316944885,100.419907659
Villanova,120.006905514,103.673574501,110.68531641,101.130024871,101.518376306,100.061720576,100.338089774,98.7746775314,102.18220633,100.814687611,99.0792905654,104.047200076
Valparaiso,113.334427109,99.8857245154,109.573795069,100.721010877,102.879286814,101.16804243,100.583169134,100.204374263,99.4141164955,100.925252683,99.4279915848,100.734679792
Vanderbilt,116.484361123,103.08655661,107.633894523,101.128725588,102.945728309,99.3275324408,101.634684849,98.9815191868,101.477987171,98.85090692,101.554991011,101.44402878
VA Commonwealth,112.953007571,105.524459755,102.606352433,100.977096673,99.1828095802,101.756570284,100.378825674,99.5809614091,101.055376695,102.910877851,100.329863346,99.8141911402
Utah Valley,91.9721963796,99.2778995217,93.4102884162,100.518965627,101.549185022,98.8606430964,100.018543417,101.100239046,99.9270883457,99.6991472721,99.8031943627,97.826278436
UTEP,95.1394647488,98.1974060597,97.213136226,99.3878902251,101.670045756,98.4281861724,100.362703375,100.164196184,101.157344901,99.4752024889,100.534571883,99.0767821496
Virginia,117.745076827,102.074309845,111.103062131,99.249173283,99.7064319588,98.808746826,99.7279632755,97.6292438681,101.486313023,99.7038499465,98.3375575794,103.85039115
Virginia Tech,105.364269878,103.027084456,100.222347967,99.0016188098,100.102252752,100.129849624,100.253742822,100.209561773,99.3787568006,99.4147764202,105.096295358,101.185559268
Rhode Island,106.571917988,98.2177133713,105.990189864,99.893643472,98.9438965992,100.438920891,101.334311879,99.1555416487,98.9631708013,99.7491541906,101.138625797,99.359165557
Rice,90.6911458596,100.537597916,90.4037622429,99.9955207006,97.1126658057,99.2835418388,99.2934103585,100.041769697,99.1866205444,100.110282465,101.7152832,98.6767097326
Idaho,96.1743659892,93.2090542002,103.242611287,99.1307317778,100.566816266,99.6905725421,99.1942535688,102.899846106,97.8621411443,98.9842932292,100.520166299,100.383039314
Howard,89.8164722454,96.318682824,94.4778336106,97.9969734094,98.7420775755,100.493958641,99.5156935009,100.710425763,95.4913083858,100.564826326,105.229017054,100.170111252
Houston Bap,93.8229899361,98.0809015802,96.1032702292,98.3401889138,100.065399436,100.13583474,100.115736403,101.115775592,99.0026051246,99.3175202115,104.152254034,97.7968046396
Houston,107.504709605,102.889142394,100.60191476,99.8403727436,100.324667039,102.571918954,100.443161115,98.9370966688,99.461357445,99.6551476826,100.067690465,98.1828378578
Holy Cross,89.6489703546,91.8046337272,99.0823706327,100.21699885,97.4242418966,97.0570773828,99.1239953502,99.4127542347,100.560711387,99.6180396573,98.8409690591,102.920308172
Hofstra,105.382949331,103.567469672,99.0443493043,101.321320822,101.38666573,101.671404545,99.4550353265,99.0921278339,101.6743219,100.245188609,102.097779482,105.391358825
Portland St,93.5563097359,98.4233194033,96.7911853147,98.4935070932,99.7256730346,99.8070483657,100.538552361,100.981124456,102.533225577,101.513486287,97.7057491693,101.485524775
Prairie View,84.2298972256,89.9125059186,96.8848056433,97.3640528297,95.3041922623,100.25977074,99.2052953445,101.199015021,96.7706500237,101.308560632,99.0941077253,97.4085240196
Presbyterian,88.8637676112,92.1785915119,97.6995299053,98.4903650842,97.9648732444,97.7457856299,98.6429112952,101.26593548,97.7924010765,100.551184244,97.4349487904,98.2595052688
Princeton,108.758143021,102.881243323,102.291525048,101.535317892,101.724824174,99.6044150239,100.079311683,98.8248011967,101.020043964,100.642693941,99.6087026294,103.396845561
Providence,109.4932625,102.050145097,103.865824264,99.6813184243,99.9685325553,101.468582849,100.667730597,99.3575668097,101.572298348,100.596321815,100.873882827,104.540419135
Purdue,119.279930598,105.188378271,106.860728659,100.71939292,104.419734759,100.786341891,101.276485449,100.306632769,103.482948544,99.4581305813,100.439463322,103.270340679
Quinnipiac,92.2599571774,92.2560040711,100.718971356,100.784050875,100.622286019,104.320763944,100.666160837,101.767111288,98.4064889479,98.3436550047,96.8158518354,99.0131445173
Radford,97.8479708448,98.1002444229,98.3925640174,100.134880174,98.5665404944,101.351603462,100.736845838,99.2983465982,99.3886322104,99.6442841934,96.7725438943,101.098325643
IL Chicago,84.0943110789,91.9965835645,93.969482261,97.3598089374,99.8266089846,101.325244831,100.414670542,102.334716902,98.1514691518,99.5163646393,102.207465237,95.7249266033
Idaho St,90.4865885497,97.5947312893,95.1318568296,100.540588582,99.6981155805,98.6526612297,98.7645313783,100.96079104,98.5963274684,100.449827275,99.3961432905,99.3035775609
Cal Poly SLO,99.4348896451,101.834392035,97.3769715144,100.331596407,99.7022281485,99.4187841937,99.6527146856,98.0636069334,101.192719604,99.6358540778,99.8906682134,99.3488638218
California,111.032792884,102.544239786,105.330480697,99.6298013335,103.090000568,100.384345255,101.410697803,100.606925823,99.7785396936,98.5200804115,102.162707657,99.6676533881
BYU,110.660326488,108.57129847,99.3976718139,101.057506667,102.598044435,100.824590649,100.742762664,100.246943188,101.522255846,100.450625337,101.604837878,100.859580396
C Michigan,101.367750765,102.254181478,98.3444903085,102.14110431,99.303806133,98.9736646398,99.1432781274,98.3105937428,100.356417957,99.4538187081,99.1841292582,101.667625326
Cent Arkansas,86.2410104477,98.6700098351,89.1274304862,99.5170814325,98.6168699911,99.5212115471,100.304174535,100.898037116,99.5011128696,100.279551945,100.806124446,99.4528722527
Campbell,89.2787345432,95.5329711857,94.6625072398,100.088299881,98.1131913524,97.853502842,98.1921616892,98.842491075,97.255558098,100.309885192,99.9350800077,98.0468260756
Canisius,97.1229460367,103.337360451,93.1997204416,101.703378791,96.8181388221,100.09904904,99.3047011851,98.8809057483,101.262886262,99.8509671736,101.769101594,97.8838838365
Maine,86.8333244183,101.032270464,86.2874394329,100.589904378,98.5697050998,99.628752886,99.4265462294,102.996720329,101.096586309,101.606199415,99.3475998224,97.4173471912
MA Lowell,88.4948843173,98.3809291417,90.4958993411,101.024586473,98.4542682109,98.760936727,98.9608223066,102.205299503,100.373847706,100.096369728,98.3739107162,98.5909671408
Central Conn,79.4152617378,90.446652935,92.5494641139,98.7847703924,97.7808354874,99.5415949124,100.02732359,100.581306191,97.8752181311,98.5120931621,97.0772070986,101.493267491
Charleston So,91.5710830773,97.4008096548,94.4721692331,101.883320793,99.5299987417,97.7774160773,99.0350043948,100.185786755,99.6426485112,98.8441484505,96.2387679456,98.9836086905
Marshall,100.961487665,108.483795132,90.3218979355,102.123315149,100.974017709,99.7932598244,99.7461854811,100.274969548,102.748434737,101.039252378,98.0561000441,100.066414725
Marquette,104.945055038,100.969546501,101.089212463,99.3899337542,101.286438572,99.2352415114,100.671351711,101.186627107,101.832243271,101.003774197,100.021883199,103.766623305
Marist,89.1566931988,96.5030939934,93.9820474485,100.956535233,97.7484587762,98.701602759,99.4988619731,100.070138805,98.3042980252,98.7759606786,99.2047649925,99.3895875576
Manhattan,93.4679791087,93.5386859315,99.2475329233,100.67905477,97.0857812089,97.4244430696,98.4639596996,101.256411097,100.290960478,101.106322788,99.3485246197,97.0458835527
Youngstown St,91.1032000945,100.956503777,92.1318690527,100.936445217,99.4652777751,98.5270077864,99.0903093802,98.8767958177,100.694060511,100.109391607,97.6892311316,99.5354592003
Wyoming,98.9277604793,96.1734536023,102.046588164,101.906491957,99.0426955381,95.4903670507,99.4843762264,99.3933758423,99.0895402426,98.4182505683,101.361809848,100.126408207
Wright St,99.8947185197,96.0710011223,103.182741952,100.76399098,99.333957938,96.3881367659,97.8971805658,99.2528132945,99.9669970989,99.6096061991,96.0942968938,97.2392645253
Yale,108.511320847,99.0160216762,105.255839625,99.3967896132,100.475242697,102.43960745,100.303977331,101.661702366,101.512239266,99.9176679379,103.326664514,100.969655258
Xavier,116.731259502,109.028174165,103.276922087,100.228500671,103.771156298,101.719541215,100.177161845,100.282224897,103.029147573,101.03583863,105.084045378,101.731257159
North Texas,89.0468188851,97.334461462,93.6136605652,98.2831678112,98.8815928378,99.8962158487,100.034137011,101.699482117,97.7913650109,100.264159251,102.782614317,97.6018060885
North Florida,102.419838597,106.523242486,94.2907670011,104.371669123,100.124741432,97.6701947796,101.48425199,98.1967332598,102.020269184,98.9415415442,96.478975012,103.168526126
North Dakota,96.6826848232,97.2910351359,99.3361769918,99.399092685,101.658762082,97.8923049474,99.446286392,101.254546967,99.3820286729,101.158471205,99.8380987111,99.6489051339
North Carolina,119.433165157,112.722439274,101.697019697,98.7465623351,102.893601403,103.04307399,101.054712493,98.871498945,104.411937923,101.152382145,102.547590254,102.758016516
Norfolk St,95.5307626377,100.466893661,94.9501001152,100.487863199,98.3673762145,99.4814677236,100.848818224,99.3589373901,99.418285987,99.8351503987,101.234033987,98.3373125887
NJIT,97.709454546,100.435272997,96.6176488053,101.556087347,99.885489404,98.9598701323,99.008402881,100.560954787,101.754504366,100.37789927,100.35776972,99.828335157
Nicholls St,83.2698583777,94.0177598397,92.8255591621,99.8672320464,98.5509730176,98.1291970578,100.182831251,101.608748126,99.4495477141,99.6565878641,99.0884596338,102.226348115
Niagara,90.7165815593,91.6285566044,99.8879553321,98.5684041375,98.3149730765,100.222374793,99.8613932282,101.522069449,97.9463159512,99.4611651656,97.7961372849,102.444175386
Northern Arizona,83.2230367635,95.0608001302,91.6795900632,100.258215716,99.2102442873,98.8694083658,98.483718647,100.831479663,99.0829958188,100.255491557,99.1978383737,100.796924053
Northeastern,102.658356766,99.053364013,101.596859105,101.702414054,99.1583429142,99.2121928983,99.6891921446,100.125768539,101.451593344,99.9362981503,99.9864623859,104.624907959
St Mary's CA,114.850323902,103.081993965,108.134345512,101.655775465,102.516515216,98.1355650178,99.5392019911,98.0017036865,103.122244034,99.2068801576,94.4633346422,104.704567065
St Peter's,95.8889089401,92.9157641599,102.754099343,99.5916594496,99.84750485,99.8243467184,99.8270500929,100.409030961,98.6735771019,99.3154810305,98.7368445312,102.770221032
St Francis PA,91.0280641913,94.8556189311,96.9501094019,99.9036155467,99.3128676836,100.053788126,99.2189752543,100.004795605,98.5141360462,98.6734056428,100.963680863,101.466421321
St John's,96.2837373619,96.8112501402,98.6270408096,99.628324135,100.782913491,99.4076585073,102.063604035,101.361689773,99.0171691549,99.8031359648,101.202394386,98.1912493698
St Joseph's PA,108.646698154,103.582672111,101.896395299,100.20742543,102.271976853,100.117433121,100.115167062,98.0055327485,101.492565319,99.2692348338,101.480279246,104.659675062
St Louis,95.2492992419,96.3467045338,99.6627895679,99.3698570208,100.021784192,97.0508149192,98.5667432976,100.444489505,100.779043202,99.6374953474,100.120490434,99.0212267331
Southern Univ,96.4376597369,96.271176447,99.5370122561,98.7121322771,98.429836402,99.6067111994,99.6473664892,98.6773645803,96.6221414298,100.764951149,99.8949960626,99.4373992785
Southern Utah,82.9759149711,95.7483343659,90.601585125,99.5944521403,97.0747391938,97.876624026,99.2678293054,100.334140731,98.6625806473,99.220402235,99.0378499809,99.1575560532
St Bonaventure,106.99179389,104.202412104,99.8299415275,100.989855274,99.1126140037,100.237434565,100.366000101,99.394077461,100.53410038,100.579673189,100.889222286,99.702069394
St Francis NY,91.1210755557,90.9089733688,100.482510997,100.169906139,97.7668334438,100.417906556,100.866482964,99.764783032,98.4354654618,99.5866861547,98.4669707454,100.757632859
Incarnate Word,96.0065653859,95.0631265888,101.08789504,100.926481629,97.5705989948,96.5718864166,99.1721840024,98.7675926678,100.262197357,100.730968943,96.6672588008,101.330420069
Indiana,117.686463759,110.006518242,102.621659343,102.322241814,101.107991836,100.971883252,100.998670244,101.285515747,102.722667057,101.19845152,99.6085995747,102.361067509
Penn St,101.557890001,96.7771994357,103.017630345,99.0584840353,100.062647538,100.207911008,101.094473822,98.9897794273,97.4077666089,99.4283896158,100.314170293,98.9479940216
Jackson St,96.139341658,94.3542471559,100.726759294,99.6510462103,99.5271012366,100.600884371,100.350874604,99.4925300446,98.3641291875,101.734779441,96.1793066566,96.0082134757
Old Dominion,104.351026197,95.7307086475,106.755976555,97.7107084848,99.4442525523,101.314510662,100.498212816,97.4067414067,99.8271181363,99.9007360288,97.7950722906,101.741283927
Colorado,110.217081255,103.564900556,103.459334209,100.49373956,104.169135434,101.609755168,101.469525926,100.895667156,101.110955405,98.8595536817,103.178602376,102.374070514
Colorado St,100.295765636,104.365964189,95.5784933149,101.614523821,100.873302232,100.160556101,99.101945004,99.1135457725,99.6517657536,97.5057334925,102.149050914,101.554137432
UNC Asheville,101.660363621,100.475644145,99.8163339152,99.0709363021,99.3160609543,99.8286440273,99.6104267523,100.456760007,98.9983175836,101.874321661,101.066226137,100.4544347
UMBC,89.0853399389,97.6406138443,92.7969844504,99.8879041545,97.929935918,97.7319246882,98.1009020332,99.3437790362,99.2007434746,100.505754587,101.623136895,101.52304666
UNC Wilmington,107.102286213,104.020150376,99.3583000194,100.069098656,101.112145099,101.567384176,100.644530784,99.3219426887,100.02616396,101.236485958,101.269257229,94.6235104869
UNC Greensboro,94.6628195553,96.9211047064,97.1686682769,101.477977049,98.5480275847,99.7219465175,98.4145286054,99.2095004335,99.7597943843,99.7896536172,95.1880430454,99.3999707455
USC,114.145124114,108.232923041,101.790826367,100.867496934,103.755053743,100.950224747,101.613090106,99.8141411123,101.802651291,100.162747065,100.793277152,102.99750047
UNLV,107.771696198,101.928449032,103.751731615,99.6971215181,101.64647372,100.229798581,101.943706529,101.197146896,101.347816442,100.988664055,101.300536402,99.015385704
UT San Antonio,83.1046601281,98.3833719751,87.8718914004,99.6014372606,98.9502913095,98.7355272443,99.3482085533,100.264178518,97.8188679848,99.8057248547,101.570564598,96.8934642028
UT Arlington,106.647272018,104.874644981,99.1766277646,101.001380557,101.419606429,103.269966615,99.4186755177,100.082599096,103.267495142,101.706147327,100.095026263,99.6532024047
Utah St,100.595611998,99.6765610222,100.150324425,100.971335452,99.9712350849,100.031881692,99.1214766688,100.320713733,100.360217433,99.6438530364,98.1683685346,104.134795519
Utah,111.980501693,103.741063798,103.720436686,100.119155418,102.159993312,99.4480536678,100.832518364,99.6481878291,101.003970241,99.3860863786,102.054262574,105.647850809
Grambling,82.2309425055,85.9559038122,98.0707947042,97.8551345135,97.7398769583,97.9974561629,98.1899377524,100.194781307,95.024298321,100.066902665,100.036211914,100.699559399
Grand Canyon,102.801678232,102.044513504,99.9599797729,99.1533530577,100.537294772,99.8836192059,98.9553130004,99.8372953044,100.354176528,99.9497440543,102.228286695,99.4620265761
Samford,96.5312377052,98.3468028999,98.1820200356,98.8198558144,97.6924730499,99.729474909,99.581694709,99.8328958487,99.5638804852,100.68114421,100.766189413,97.5615702856
Sam Houston St,95.344249775,96.033121368,99.1048459161,99.7753519987,100.031874973,99.8416684246,98.4341456889,98.8475944892,100.640396231,99.1111576366,99.359259017,98.2764766693
Hartford,85.2717287338,96.4531993589,90.5055051895,101.42293083,97.6850915161,96.8600701674,98.1381591113,99.6183724093,98.8059657934,100.263947577,100.343136446,97.1495713519
Harvard,100.884013447,95.7957817938,103.619324317,100.473662726,101.16638143,99.2454768108,101.319650176,101.34489022,102.25193158,98.9739714085,97.5130640925,102.102433919
Hampton,93.1081111618,97.9911531631,96.7164750778,99.593048573,99.9529649074,101.574640227,99.9486990232,100.836723642,98.6560767109,99.761979675,103.018262708,99.1283544603
Rutgers,92.1581105032,96.4753285088,96.3081654506,98.4647070526,100.52932231,98.8225286138,100.172820818,100.262495693,98.8489371586,99.6757708844,98.9590281359,100.951242646
Robert Morris,88.3890691239,91.5508307101,98.6835962148,99.2916743312,97.952469804,98.5926778539,100.505027734,101.111029914,99.1866478526,101.893986256,98.4819883369,101.209917441
Hawaii,107.432788964,103.282588733,101.292900218,99.9248043456,100.135166403,99.6945823019,100.330784149,99.938419437,101.242488758,101.731378682,103.837573789,98.4548668286
Richmond,106.096548032,104.79529441,97.440682832,100.91861001,99.7130845302,98.8998360329,99.0432788929,98.4125605182,102.958602658,100.317482255,100.236793835,100.216925274
Sacred Heart,88.0823153696,98.2037643913,91.6083337791,99.1163589488,98.2090636548,100.66731466,99.0128868666,101.467553246,98.2107537358,100.337998452,102.220457529,96.9390855505
S Illinois,103.061327175,101.51050132,98.83961352,99.5473889283,98.9645649141,100.322023496,98.7794550753,100.085693988,98.9232021445,100.524793981,101.275255244,98.3969903766
S Dakota St,107.191038396,103.453010853,101.210069238,101.107431067,101.190355474,100.080652253,98.9825609896,99.0421552569,99.224744103,99.0597530081,101.34147018,98.1644683788
S Carolina St,93.1496990544,98.2228496407,95.25796129,98.8059604878,97.4165628709,99.2813736609,99.1903838451,98.3517789279,99.5236478612,99.4408468722,98.7190916895,99.6459452786
CS Northridge,93.3334651987,98.4792326559,96.2622608499,97.767038392,100.25297528,98.7078492177,99.7030900257,100.814661127,100.567432146,100.056499675,101.294894248,100.668299228
WI Milwaukee,103.006292556,102.040735943,100.101729536,101.391256962,99.4253433595,98.8276210871,98.9300555176,98.367216812,102.113218477,98.6321441433,99.4765260653,101.900164963
Wichita St,115.278253524,103.018792717,107.789073644,100.742804623,99.5669089211,100.722259398,99.7009346767,98.1921606593,101.414479032,101.058482873,100.921754497,98.3318854492
Alabama,105.881018013,96.6453872136,106.020770397,100.214731377,101.367486176,99.5566683242,101.654286645,100.807050964,98.7664435122,100.105962741,99.9694442775,101.194667828
Alabama A&M,92.1416077572,95.6946743942,97.0949787099,100.078102508,97.6224935669,100.286798648,98.6799943856,98.6516469259,99.4937845535,99.3367708978,99.2535499886,98.1063310183
Washington St,101.035697731,101.647749804,98.7893176606,99.2261963901,101.338900709,98.089901728,100.989245934,101.327825835,100.480406796,99.2849630808,99.787107149,98.6137946424
Weber St,102.906334703,98.7677610653,103.217932103,100.310311705,102.736293932,99.7193141173,99.8215778522,100.879913067,99.6271655905,98.7309087647,101.374937336,103.38036447
West Virginia,121.135589458,107.434812588,107.28798007,99.0952150547,100.115765594,104.357244056,99.4655625468,101.243961502,102.128466797,103.95855161,106.610913551,94.8381205175
Abilene Chr,87.5588426252,93.4409682581,96.3580818297,98.9840053297,97.4165243659,98.1823582674,99.1575337792,99.9432010688,98.4741629004,100.590985132,100.224009015,98.5787204204
Wisconsin,109.623651022,98.9703136019,107.751564083,99.2698546777,99.5499979434,100.569550295,100.075220076,98.4020962909,98.5994785416,99.8563932096,100.976115867,102.314954114
Wofford,97.8083779093,96.9381035862,99.3187033394,100.912894586,98.2536441961,98.6268707568,98.2793555566,98.8493085173,100.507893921,99.615087854,99.1139838452,98.2837168637
Alcorn St,84.2364068039,92.673081298,95.3693809604,98.6596643197,96.1857464288,101.141061035,99.537275323,100.922899411,95.4566445489,98.6541667903,99.3923660177,98.5695981993
Air Force,91.9550044978,93.5911032368,99.3846740044,98.946583612,100.403081465,98.3799957419,98.3051272781,100.055368775,99.8801700995,99.7359002937,100.761228547,101.506272568
Appalachian St,93.8617946996,98.9448098163,95.615893872,100.548376684,99.3217179588,100.827211729,99.8696273182,101.444803396,99.4399660718,99.355119676,100.902373334,97.0466108285
Akron,106.593488827,101.278881244,103.370375853,103.194606934,100.0752434,99.9682888987,100.673920264,98.5647460963,100.828758866,99.5525707628,98.5511651044,101.219652692
Arizona St,108.448266969,103.844249518,101.967808224,100.8322224,101.337318832,100.330689053,99.9755094585,99.1135859942,100.191642038,99.597032095,101.416597183,100.792195538
Arizona,116.382163829,106.292949757,105.479789611,99.2333473269,103.223140346,99.7176932248,101.004232047,100.28240696,101.617660909,99.2306576251,102.503246633,104.476558501
Ark Pine Bluff,82.9590984646,85.7908582793,98.232557687,99.285259165,96.3248636195,99.4163212497,99.8701273968,101.941823597,96.9955822843,101.173100976,95.8707584914,95.4215257259
Ark Little Rock,108.192441477,96.2628735717,110.556588747,99.5802509722,99.5320494511,99.3312214943,99.8833724496,97.238011069,99.3598580308,100.304348336,97.8072064857,102.247517088
Colgate,94.5198594334,95.6228918496,98.5072085527,100.9393055,97.258150331,98.9112179146,99.1690417447,100.240313195,100.126446992,99.9756666136,97.759050865,99.2245520028
Col Charleston,103.547712017,93.834144909,107.425096835,100.116084737,98.8616538888,99.8262556929,98.7932135216,100.207077267,99.0141689722,101.102600759,97.3620808253,100.436278002
Clemson,110.163576463,98.8768075462,107.630770718,100.215491251,100.729802487,100.134255405,101.632118693,98.3398607413,100.077752196,100.002303288,99.144907086,105.550160473
Citadel,86.9790536337,110.397728567,76.5493173523,103.295267561,97.8669942339,99.706741965,99.3375286849,100.978465516,101.162398477,101.852852862,99.7549631579,92.6289627363
Coastal Car,99.846385767,96.9497793171,101.706811483,100.185464854,100.90796752,100.184355118,99.6755019651,99.8324736833,98.9233791451,99.6034534261,98.4170516463,100.581464969
Cleveland St,92.0645719931,90.107530314,102.220360881,98.6992806031,97.3141361657,100.200917264,98.9777983999,100.702305612,98.1008708063,100.46338972,96.0160089511,98.9609541976
Chattanooga,107.436503644,99.9565557324,103.197326934,100.691435925,99.2668975042,100.059292499,100.754078536,99.0952733796,100.803927191,101.634330799,99.9624023955,102.487815083
Charlotte,96.0181951128,100.896529069,94.8205498791,100.55049176,99.0199836978,100.54893457,99.2010659708,99.0026900457,100.348016503,99.9818198125,99.6057655444,102.475944168
Cincinnati,114.665769714,101.265956801,107.427897618,100.521075959,100.370379676,102.401682953,101.745083506,98.8541271151,101.788785634,101.443713391,97.7942709391,104.835138098
Chicago St,84.4251276595,94.1525418456,94.3045109268,100.555087796,97.879732444,100.37710853,99.9169076188,100.740679549,98.3901558927,100.746231818,97.1860879048,97.3422197498
Army,96.1973211462,101.394873846,94.289871409,102.187768844,101.072930632,100.283314526,99.5149259437,100.352254117,101.474104606,98.9808426691,97.9135482562,99.968682379
N Kentucky,95.0138103618,96.7466482225,99.7037343482,100.00968842,100.185602712,99.2869924571,99.1528046694,100.19947217,100.126707719,99.0914585798,96.397835799,98.4103633124
ULL,105.067991039,105.9629743,97.6521900091,99.2334748169,100.8869031,102.6331716,100.142752555,100.243517297,99.7298272745,101.159247506,103.22615441,99.5148464144
ULM,99.9131147384,95.6639918107,103.188192935,98.8744441309,99.916144829,99.8168140108,99.4979325888,98.7227168239,99.7731500776,99.469353873,96.3710357849,102.398358269
N Colorado,88.7915789125,99.2842128237,91.444574037,99.4945610626,98.9447691778,98.9525222425,99.2142943229,100.90266641,97.1568767665,99.0642757758,101.838000423,95.6812821968
UTRGV,83.3496833671,94.0802073195,91.7968702624,99.642963092,98.845601277,98.1942393567,99.4931896337,99.2624205684,100.33701178,98.8473841097,96.8119448867,102.345521565
TX Southern,98.1714739214,98.3424893284,98.343632289,99.4316368929,99.3247066093,101.216754026,99.8122048886,99.9665843674,100.155996902,98.621010802,98.821234209,105.858711074
UAB,103.17015236,100.065329026,101.119481137,99.7624357406,100.615161227,100.267819093,102.28427284,100.171189864,103.006218523,100.110504428,98.5232376369,101.865636011
UC Davis,94.8589979924,92.1863302025,103.159760037,98.3005534058,99.9464348306,98.5865377364,98.0744083279,101.256118428,97.1708633548,99.8282599102,98.4168928992,103.24429983
UC Irvine,105.777756369,97.7015611555,106.476653365,98.7366454121,102.473774423,99.8556683894,101.24220881,99.9509105963,100.863219823,99.9618140579,100.73666036,100.351767457
UC Riverside,95.6068379139,96.5241886911,99.6360388141,100.209264684,99.6513438789,99.4942712932,99.5136784255,100.529318324,98.8146367551,99.5121399388,98.34993093,101.635449924
UCF,100.514210386,99.9843162381,100.134319111,99.761515215,101.928167717,99.3869205424,100.422349172,101.306646549,99.0579410971,98.6177412472,100.933253886,104.42514151
UCLA,108.86626302,106.033495637,100.429713146,99.2378872889,103.033864358,101.776590596,99.9513403031,99.9024366735,102.42743853,99.7093623585,99.773127425,102.357579452
Northwestern LA,86.4767496536,100.453650922,89.8532875415,99.7113716451,97.6957746796,99.2512660178,99.9395462687,100.618805,100.308365386,99.7779228453,97.8424188031,99.6344974206
Notre Dame,112.890697712,107.139867386,101.724506727,100.829719657,100.873839263,100.421704831,100.930936854,97.416497373,101.136210798,99.9734949259,99.4894795803,103.179344975
Northern Iowa,105.431768407,97.7454279962,104.585936772,101.024262269,99.5171724431,96.5825511215,99.3524427577,97.8125099154,99.7786486075,99.3833277616,97.0295800565,107.265611158
Northwestern,107.824981368,100.016123493,104.757358664,100.900709876,100.184777364,99.5112355778,100.267041503,98.1524561756,101.820764567,98.6116202904,96.5881660485,101.744167703
Ohio St,107.015817832,99.5452928859,104.173476642,99.6422784606,101.715907494,100.856617696,101.839897395,100.262924264,99.0646959472,99.8907241653,99.3630674615,101.904621394
Oakland,106.490232128,111.183212312,94.5073119296,101.596561874,100.772841421,101.489224503,99.8387668758,99.1082888041,101.451273668,100.062851902,102.486275142,99.9598955273
Ohio,100.651488326,102.897317485,97.0033993558,100.247131279,101.647030689,98.7685887992,100.645446512,100.481282602,99.6752767622,99.1123503723,100.706431535,99.7611451599
Oklahoma,120.643869137,112.227353355,103.161527071,103.429005791,104.245459762,100.640842965,102.017216995,99.4813093557,102.586645813,100.890062763,99.661023427,104.630817551
Oklahoma St,108.180867049,99.7253224456,104.542434593,98.9876093939,102.068470767,99.8462791252,100.550788703,99.0313785516,99.3374650384,99.8905138108,100.642175872,99.0306127135
Louisiana Tech,101.31651025,102.916089271,97.6610545511,99.8375528656,99.9124275053,100.138187169,100.70088115,99.2989206595,99.3402785414,100.417469566,102.089964733,100.475286418
Louisville,120.864932887,104.79545901,110.279652626,99.3357153655,102.163980337,102.592720086,101.190396871,100.083374295,100.143023683,101.28528486,99.9839332395,100.108987332
Long Island,90.5660064532,98.431954285,93.4491769741,99.4053361441,98.7072962744,100.864001274,99.5400991534,100.778442546,99.1552851002,101.649394137,101.48963341,96.684910825
Longwood,89.6929255031,95.8170013414,94.753125868,99.6307911678,98.8768989988,99.1202969104,98.8270502681,101.059817124,99.0014694968,99.9814462773,98.9053580745,98.5278527654
Lipscomb,93.4056831731,102.452922636,91.4612087312,102.536849409,99.892624796,98.5937670324,99.3963140964,100.851622575,102.824427842,100.571116713,99.4737069281,98.588184207
Long Beach St,105.382054851,104.295123937,99.6299231039,101.561386037,100.568098407,100.556652938,99.3502010094,99.9180240705,102.641975972,100.718597828,100.311106311,100.633964733
Tennessee Tech,101.273429696,103.41598219,95.8719904715,100.868910157,100.356453786,99.0765357419,100.202030996,99.5787629926,99.9061416643,99.5714547941,101.698617911,100.587949377
Tennessee St,98.5217747812,97.243914906,100.46995801,99.0536437532,99.7013421722,99.9135131933,100.076004345,100.509496426,97.1810034943,100.850595028,100.238118329,98.6777775256
Tennessee,107.128024015,106.297160466,98.1748566393,100.78885189,100.668469419,101.093637612,101.742155055,99.2292667501,101.509279699,100.316331682,100.96800076,99.5827005485
Temple,105.446348514,98.9610614033,103.811873967,100.213084397,100.365574031,100.101758535,100.003552519,97.213587627,99.7777662844,99.3243043152,98.5336001983,102.243700936
TCU,102.518254378,98.4798780541,101.99517431,98.7170768552,100.040817418,100.443058836,100.003527165,100.513731201,99.9624561529,100.129184602,101.427653859,99.7635177168
TAM C. Christi,99.3028754183,99.326492507,98.7074006327,99.490807391,98.2837410621,100.33245573,101.329731733,99.5718447078,99.5125523409,103.097374714,101.39199951,96.2885256981
Syracuse,111.408766957,99.468670239,108.080754796,101.284562815,99.8843080207,101.581711315,100.611448735,99.1527375205,100.35501383,101.517526161,100.142329391,103.761609944
Stony Brook,109.275011388,100.839403336,105.000118504,100.14025159,101.58797204,100.433335246,100.684907613,99.5338070393,102.555906236,99.9951229241,97.6060926438,106.02341122
Loy Marymount,95.4638497681,97.9449171266,98.295645049,99.9719963453,97.7791430383,101.036670638,99.4756816902,99.8807426777,101.149062908,100.883334112,96.4170376622,98.7863706314
Loyola MD,92.7508073371,95.3390648525,97.7690208909,98.6315780971,98.7232112529,100.066934036,99.8329599837,99.9367630765,98.7584037308,99.4976719436,99.7693752848,98.2248553399
Edwardsville,90.6121360931,92.8025339801,99.2659894518,98.5579259132,98.2488276393,100.605258377,100.100211442,100.265817914,97.1448230387,99.2492407502,100.505361137,97.9979330759
Elon,100.577457008,103.631781419,95.8907304184,102.248664643,101.522333684,100.102318225,98.8615946281,100.698701742,102.039253865,99.4834690258,99.302788266,100.332820633
E Washington,96.896403288,102.417624595,94.1788978008,101.79427567,98.6716039534,98.2670902345,99.8698270905,99.2593748691,98.7271574923,99.0251656681,99.0634679479,98.7881786134
East Carolina,99.6710008384,98.9199188929,99.0626942192,99.9910960334,99.6908336662,99.5863998466,99.0868734084,100.302762561,101.625361773,99.7732709172,99.7472214247,103.270833912
E Kentucky,96.3384127401,104.212254424,90.4514198127,100.982709431,98.1591727482,98.3133497345,99.4300367047,100.825071314,101.741303367,100.669949029,100.500443426,96.9450883982
E Michigan,101.496255033,102.602051461,96.8956370511,99.532606132,97.8960953346,100.502462628,99.8554577798,99.5623840793,99.0173774859,102.594341972,103.615039873,97.2901393226
Duquesne,102.248492919,104.311661789,96.7890850384,101.275711617,102.994359351,99.9198228658,100.326963231,100.998198741,101.135358972,99.7010896821,99.4063573156,100.054273725
E Illinois,93.8055251255,94.9670715455,98.5381138971,100.191681056,97.9732241132,99.7883011679,98.5289566585,99.0389885441,99.6361074812,100.270328215,97.8472092416,98.6754717109
Drexel,94.4568357691,93.2173966137,100.284857492,98.8843703162,97.382444376,100.045414026,100.085590577,99.1037152305,99.3979002654,99.5176161251,100.795108094,97.2764775075
Duke,118.904904997,110.633481682,102.509874144,101.734584962,100.943666493,101.335283716,101.425889921,98.1731797896,101.035741924,99.8853248649,103.776295961,105.38913336
W Michigan,98.329118938,99.9815703792,96.9055842976,99.8526279182,100.112916522,100.275248149,99.7688333303,100.219711767,99.1205408739,99.3628440254,102.750660651,98.6803671956
Coppin St,84.8827415539,94.9336942779,93.6439648004,99.4056854146,98.2882380629,101.021770519,99.6069052471,99.4966119361,97.6920181517,99.8213692712,101.313171199,97.984059001
Cornell,95.0822172991,100.56903386,95.7201025724,101.27887699,100.043750781,97.8921138365,100.206377716,100.644512142,98.521501167,101.093950812,100.207117941,101.246029113
Creighton,110.096507628,106.376437146,98.9994866553,100.929835942,101.938842258,99.4654805572,100.161238824,98.5263498568,101.723288429,100.18084173,100.959318998,101.888879237
CS Bakersfield,102.069733458,97.9436243529,103.340393261,98.2947029749,99.5620233503,101.167692899,101.083245723,100.415730652,100.883311372,100.432610629,99.0633012908,98.4417104266
Georgia St,99.2365888623,92.3458229914,104.846182372,97.8542059582,97.5633881347,97.8505262437,99.6628300176,99.396175435,98.5390446283,100.566671151,99.344485956,100.213913755
Georgia,107.454558387,99.7627784801,104.743150303,99.4708501194,102.3071565,99.6556337975,101.490518355,99.7877326482,99.5474201271,99.7531729682,101.97392667,98.289265958
Columbia,102.829157746,99.5596098844,101.893440571,101.91186465,99.1227584612,98.5900367686,99.6672232352,98.6922089906,100.389631775,99.8467979134,101.235683199,101.499939112
Connecticut,114.666240464,102.117009293,107.618264872,99.8768166982,102.252039767,99.3015668527,100.909730472,99.057834125,100.991098294,99.7931954717,98.2569293938,100.8596782
Gardner Webb,95.7807314118,96.5009260638,98.9024576811,100.410945863,99.2395964155,100.528509607,99.8069552801,101.068211644,99.0196497363,101.499192481,100.238878952,98.2696745109
Ga Southern,93.7636372348,98.1183374189,95.7589645382,100.448244561,97.8105346887,100.147066997,98.6739060946,98.5353764492,97.9130889613,100.947961787,101.716219288,97.0709267503
Georgetown,108.706127537,101.714194746,103.415562965,101.071311638,101.229063548,98.889937444,101.381504123,100.081370607,101.522003171,99.5720963221,101.58670106,96.5516775388
George Mason,98.044763519,96.2096845351,100.186756153,98.7815978306,102.894530916,101.365349162,100.386189866,99.9568631093,98.3056631329,97.5679882816,98.9223475397,100.722866664
Fresno St,101.892081127,99.5775920064,101.56234985,98.4280377116,100.98374672,101.586427108,100.310460166,99.6388502445,99.4900307469,100.81821265,100.281672458,96.9518425378
Georgia Tech,110.530340767,102.942287879,102.773132379,99.2459852855,102.75250867,102.445529929,100.551123684,97.4162901382,100.805188028,99.1802022101,99.0972903328,101.238808694
G Washington,108.334301075,102.562841288,102.579355738,99.4668706181,101.663018221,100.541372246,100.17682535,99.3142480309,100.350921279,99.7102516966,102.963732864,103.32111607
Furman,99.0435683017,95.4306890618,102.883687331,100.330886296,98.3957222359,99.9068656552,99.3821232027,99.881170296,98.807887738,100.087206646,100.239462144,99.3301173842
Gonzaga,114.506561384,105.214336285,105.179565203,99.9327584683,104.172830803,99.713408773,99.6205490999,99.6386993975,100.284524228,99.2558132329,98.3347218307,102.206615545
Wagner,95.9522006974,92.9454854456,102.922163379,99.6032999794,99.1366816168,101.256731356,100.15412903,100.175417647,99.3623390824,100.694641712,96.577845537,99.0106822165
American Univ,88.7671380351,85.1642412319,104.14775344,99.461893434,96.0443919688,97.0492563621,98.8049746966,100.598387405,98.5132787179,99.8420642719,94.2592420875,100.760714747
Navy,98.0431220247,93.5466003171,104.393457851,97.4261523687,98.5225185101,100.023452619,100.146113601,100.562246983,99.4729918598,99.967856963,100.787085501,100.308119189
NC A&T,84.8915385926,92.9170016088,94.4135283481,98.9462685007,97.7585679639,99.4842653061,98.9008718947,101.068686817,97.1704227075,99.2274934528,99.3489427331,96.922038598
WKU,98.0916248775,99.4832554405,98.1164065167,99.7322192819,100.647280448,100.116052265,100.294991496,100.586777781,99.2854326166,98.2162951994,99.9315540574,102.498418322
W Illinois,95.4677297198,96.5007015675,99.0585504218,99.9352912362,100.829282214,98.5829842876,99.6307781219,99.0155942959,99.9966275291,99.4687042607,96.6265256698,98.4211493714
Arkansas St,94.9417319658,100.165775129,94.8664796168,98.6970180855,102.528630778,100.522836882,100.993210216,100.051465679,99.5107170307,99.7402004842,101.053965868,96.9049563601
Arkansas,111.060864432,106.687759377,99.5980707658,99.8384526512,100.547600681,99.6391782953,101.623205243,98.8700359956,102.978981798,101.119146403,101.91125654,96.9904660274
MTSU,102.211781417,98.0976954951,102.73293961,100.593950526,101.336205151,100.033175936,100.15850778,99.1206103174,99.8697637093,100.133342448,100.026383836,96.3125871462
Murray St,98.326398969,95.214653178,102.439179467,99.9890950807,97.8349787174,99.5966956562,98.7175259534,99.3665483386,100.091599093,100.02597647,97.4169318989,100.741518462
MS Valley St,83.8591413505,93.7647271995,93.2372763502,98.4143934369,99.0352532007,99.7826825499,98.9079930451,99.345471878,97.7637413875,100.809308368,97.5851064947,99.9684142559
Mt St Mary's,94.1087719546,96.3736838268,98.3225684887,100.583844392,95.9732228446,98.8341711028,100.060545967,99.7926823005,99.0698362239,101.300840715,96.9907738032,99.661788072
N Illinois,99.9618512862,97.1536812542,102.264016766,99.7821047922,99.6584565986,100.755432492,100.049093747,100.905499074,99.613198744,100.804675212,101.956184101,97.359349368
Rider,97.8004271058,93.8609569629,102.677369686,99.5384042445,100.136259454,98.7253926265,99.5328291326,99.6097540487,99.4356467242,99.5741052566,97.7448092132,101.013287199
Washington,109.149449075,109.877226209,96.7624629104,100.460848828,100.989574849,103.495806229,102.776740163,101.864370441,101.616283864,101.112393844,104.734850998,95.260963361
N Dakota St,100.782914875,96.5237059093,103.236961599,100.032943769,100.081096251,99.2709859587,99.7278728782,98.6143802293,98.3426204593,99.9183243465,98.1305744534,101.664631915
High Point,101.530697147,100.352355616,99.6989331407,99.0777887297,97.0578106599,99.9826576199,99.4558449666,98.4892660891,100.969562397,101.072808542,97.1200005925,101.369880607
W Carolina,94.7446722883,96.4338400367,97.3257484426,100.361584651,97.736846089,100.589023966,99.2800119816,100.194274375,99.4713873778,101.704120907,100.093597169,96.3609519398
Savannah St,84.2246997177,88.925176183,97.8742051009,98.7738082319,97.079413793,98.3003421488,99.1813017353,101.81470883,96.7737618751,99.8612157251,98.0855224288,99.8109653922
SC Upstate,87.0533313076,94.7744252882,93.8565220978,99.9364931563,98.0714468271,100.099399617,99.1078129479,100.668809217,100.515347583,98.5912146118,96.9027900926,100.440856197
Santa Barbara,103.203813374,98.1226240526,103.276827797,99.97549711,101.772523302,99.335323667,99.5392681815,100.114474651,101.482460421,99.6868435512,94.9805027418,98.437404641
Santa Clara,95.0640890632,95.0240040245,99.977036042,100.201231794,99.6075663382,98.0309757471,99.4606811008,99.6244586827,99.3810906225,98.6256244243,97.6779375403,99.7896656525
San Francisco,96.0831510185,100.798600842,96.1754478268,100.61322781,101.052004805,100.462745166,99.3911894569,100.694619676,99.1983023327,99.0736009811,100.088661562,100.012701847
San Jose St,92.8836653407,96.8643607387,96.8615955734,99.6927596032,100.161196146,99.8642510923,100.268193769,101.069131557,100.65948956,99.2856111315,100.609081813,96.9079433625
San Diego,92.2624156634,92.2433509516,100.528844798,99.5334963248,99.413960973,99.9715674766,100.228879944,100.675351204,99.2323429639,98.9158550632,97.6949523321,98.7479449243
San Diego St,107.748406376,96.3282131331,110.676342949,98.4296908917,102.416050615,100.935614071,101.876219679,100.383083202,97.4900039376,99.061642972,102.868711011,104.023477197
SE Louisiana,88.5407388082,95.8366749307,93.490970072,99.5782164523,98.1428260001,98.5558710162,99.4728671262,100.635745476,99.5447315831,100.111928667,99.3911537132,98.6776013896
SE Missouri St,85.6096380042,92.8362204933,93.81258487,98.0469530773,99.1764603281,100.525344678,98.0409763087,101.041150304,98.6456266597,100.683742898,99.7022768697,101.842647614
