id,pred
2017_1112_1116,0.681086691167
2017_1112_1124,0.429999096733
2017_1112_1137,0.249425247871
2017_1112_1139,0.82064405798
2017_1112_1153,0.896058268475
2017_1112_1166,0.727789264548
2017_1112_1173,0.582906979159
2017_1112_1181,0.661920269061
2017_1112_1190,0.20162152217
2017_1112_1195,0.513800790983
2017_1112_1196,0.599038692805
2017_1112_1199,0.159747139753
2017_1112_1211,0.618446167727
2017_1112_1233,0.690128117927
2017_1112_1235,0.219759210143
2017_1112_1240,0.706761274579
2017_1112_1242,0.779577627576
2017_1112_1243,0.310796114935
2017_1112_1245,0.47352716417
2017_1112_1246,0.137490890381
2017_1112_1257,0.3119371887
2017_1112_1266,0.399923689122
2017_1112_1268,0.476878276677
2017_1112_1274,0.365821851986
2017_1112_1276,0.271517339247
2017_1112_1277,0.803240785019
2017_1112_1278,0.429727286207
2017_1112_1291,0.668112665154
2017_1112_1292,0.745718266724
2017_1112_1297,0.801087032963
2017_1112_1300,0.717106257292
2017_1112_1305,0.621460552359
2017_1112_1308,0.872222042635
2017_1112_1309,0.5889126658
2017_1112_1314,0.927244493284
2017_1112_1315,0.898573855016
2017_1112_1321,0.651398259963
2017_1112_1323,0.787540592644
2017_1112_1329,0.852284322546
2017_1112_1332,0.885299136721
2017_1112_1343,0.831344772285
2017_1112_1344,0.757041644927
2017_1112_1345,0.429362845449
2017_1112_1348,0.114910693439
2017_1112_1355,0.0861567033629
2017_1112_1371,0.273201942661
2017_1112_1374,0.359110945673
2017_1112_1376,0.433709740673
2017_1112_1388,0.320068305812
2017_1112_1407,0.235344801647
2017_1112_1411,0.506116769072
2017_1112_1413,0.181340492812
2017_1112_1417,0.640338724875
2017_1112_1423,0.560157695058
2017_1112_1425,0.227437566266
2017_1112_1433,0.612874572995
2017_1112_1435,0.376880595291
2017_1112_1436,0.469229644147
2017_1112_1437,0.549841199594
2017_1112_1438,0.427128374837
2017_1112_1439,0.329879032811
2017_1112_1448,0.297482224759
2017_1112_1452,0.0509329216264
2017_1112_1455,0.292670398281
2017_1112_1457,0.450549660534
2017_1112_1458,0.371016681287
2017_1112_1462,0.11136690325
2017_1116_1124,0.426110736111
2017_1116_1137,0.215062726147
2017_1116_1139,0.283560376035
2017_1116_1153,0.35761691928
2017_1116_1166,0.254578171198
2017_1116_1173,0.178204405042
2017_1116_1181,0.924491081065
2017_1116_1190,0.954573759747
2017_1116_1195,0.666897331487
2017_1116_1196,0.934244765056
2017_1116_1199,0.729291341555
2017_1116_1211,0.595301620701
2017_1116_1233,0.948791546421
2017_1116_1235,0.911443175829
2017_1116_1240,0.964848768471
2017_1116_1242,0.545953980476
2017_1116_1243,0.620574936274
2017_1116_1245,0.171015670682
2017_1116_1246,0.54201932159
2017_1116_1257,0.217591643108
2017_1116_1266,0.128982072972
2017_1116_1268,0.593162631155
2017_1116_1274,0.476791202454
2017_1116_1276,0.661875598303
2017_1116_1277,0.947043015594
2017_1116_1278,0.965631864975
2017_1116_1291,0.719832763141
2017_1116_1292,0.949375580824
2017_1116_1297,0.775259131601
2017_1116_1300,0.651063800197
2017_1116_1305,0.960069734128
2017_1116_1308,0.929183599255
2017_1116_1309,0.974082916053
2017_1116_1314,0.402989824914
2017_1116_1315,0.485860842413
2017_1116_1321,0.0932857016544
2017_1116_1323,0.402459998261
2017_1116_1329,0.12668646301
2017_1116_1332,0.0686914013539
2017_1116_1343,0.459236616762
2017_1116_1344,0.345585320627
2017_1116_1345,0.521061094604
2017_1116_1348,0.658869181962
2017_1116_1355,0.722018507525
2017_1116_1371,0.253678220132
2017_1116_1374,0.65451988185
2017_1116_1376,0.313527842885
2017_1116_1388,0.197881581768
2017_1116_1407,0.700966899425
2017_1116_1411,0.595625619056
2017_1116_1413,0.759009902998
2017_1116_1417,0.917679206024
2017_1116_1423,0.947940302519
2017_1116_1425,0.647902616702
2017_1116_1433,0.924482281275
2017_1116_1435,0.712276320975
2017_1116_1436,0.582530465829
2017_1116_1437,0.939906057256
2017_1116_1438,0.89830001567
2017_1116_1439,0.957525473499
2017_1116_1448,0.389972349951
2017_1116_1452,0.490880558834
2017_1116_1455,0.0938463096163
2017_1116_1457,0.406402558969
2017_1116_1458,0.128089920223
2017_1116_1462,0.0698874721887
2017_1124_1137,0.463806962062
2017_1124_1139,0.349930531417
2017_1124_1153,0.523624796707
2017_1124_1166,0.434949145413
2017_1124_1173,0.527048057164
2017_1124_1181,0.113442561969
2017_1124_1190,0.442527826578
2017_1124_1195,0.14972107216
2017_1124_1196,0.0856548989779
2017_1124_1199,0.494821719099
2017_1124_1211,0.37726274799
2017_1124_1233,0.56047059906
2017_1124_1235,0.712933909682
2017_1124_1240,0.310071238844
2017_1124_1242,0.246264337497
2017_1124_1243,0.668340241582
2017_1124_1245,0.817834813264
2017_1124_1246,0.547907138961
2017_1124_1257,0.633845748561
2017_1124_1266,0.706573646504
2017_1124_1268,0.605970416964
2017_1124_1274,0.496915078113
2017_1124_1276,0.176643230236
2017_1124_1277,0.680391589217
2017_1124_1278,0.145800054812
2017_1124_1291,0.797012270337
2017_1124_1292,0.573267984209
2017_1124_1297,0.203114522946
2017_1124_1300,0.79489792495
2017_1124_1305,0.768217707818
2017_1124_1308,0.708276696319
2017_1124_1309,0.355203141294
2017_1124_1314,0.854407966911
2017_1124_1315,0.811636397166
2017_1124_1321,0.756321257591
2017_1124_1323,0.421683150806
2017_1124_1329,0.794277331815
2017_1124_1332,0.533276505701
2017_1124_1343,0.587565507254
2017_1124_1344,0.676758611976
2017_1124_1345,0.73805909884
2017_1124_1348,0.646426628912
2017_1124_1355,0.543662695193
2017_1124_1371,0.210467451007
2017_1124_1374,0.714638240402
2017_1124_1376,0.177418234082
2017_1124_1388,0.821091019081
2017_1124_1407,0.615783609511
2017_1124_1411,0.239240096201
2017_1124_1413,0.819911201528
2017_1124_1417,0.795071776142
2017_1124_1423,0.688646254659
2017_1124_1425,0.764380034822
2017_1124_1433,0.303910714721
2017_1124_1435,0.702373282946
2017_1124_1436,0.366566407713
2017_1124_1437,0.243013685868
2017_1124_1438,0.743287246597
2017_1124_1439,0.642817924024
2017_1124_1448,0.798741978643
2017_1124_1452,0.47121761135
2017_1124_1455,0.43897495118
2017_1124_1457,0.534442122938
2017_1124_1458,0.614256437175
2017_1124_1462,0.172379993882
2017_1137_1139,0.541961690139
2017_1137_1153,0.219412675973
2017_1137_1166,0.125639518661
2017_1137_1173,0.590440118377
2017_1137_1181,0.477243343184
2017_1137_1190,0.665911538973
2017_1137_1195,0.309986213736
2017_1137_1196,0.278203216967
2017_1137_1199,0.748653672391
2017_1137_1211,0.815138651393
2017_1137_1233,0.354832288259
2017_1137_1235,0.759350467425
2017_1137_1240,0.4212807696
2017_1137_1242,0.286434169143
2017_1137_1243,0.797330396171
2017_1137_1245,0.706188474973
2017_1137_1246,0.845522262254
2017_1137_1257,0.536014555612
2017_1137_1266,0.500034171824
2017_1137_1268,0.673747088724
2017_1137_1274,0.745811711238
2017_1137_1276,0.273983061041
2017_1137_1277,0.674733052929
2017_1137_1278,0.334605231786
2017_1137_1291,0.222215387429
2017_1137_1292,0.720733664798
2017_1137_1297,0.614324466525
2017_1137_1300,0.773883187386
2017_1137_1305,0.434201858354
2017_1137_1308,0.408574945744
2017_1137_1309,0.966939124783
2017_1137_1314,0.797286847628
2017_1137_1315,0.735822440044
2017_1137_1321,0.956893210567
2017_1137_1323,0.985766149826
2017_1137_1329,0.883251292525
2017_1137_1332,0.92006405785
2017_1137_1343,0.951243448677
2017_1137_1344,0.963592934805
2017_1137_1345,0.943194301112
2017_1137_1348,0.905707912435
2017_1137_1355,0.65584643666
2017_1137_1371,0.95977205482
2017_1137_1374,0.605353412373
2017_1137_1376,0.982275701212
2017_1137_1388,0.931407883076
2017_1137_1407,0.6792733994
2017_1137_1411,0.982088860715
2017_1137_1413,0.976782764626
2017_1137_1417,0.909250571918
2017_1137_1423,0.961575495743
2017_1137_1425,0.881715729284
2017_1137_1433,0.918782690127
2017_1137_1435,0.735835611438
2017_1137_1436,0.798222582261
2017_1137_1437,0.34109482064
2017_1137_1438,0.740772142923
2017_1137_1439,0.40632696125
2017_1137_1448,0.274966337443
2017_1137_1452,0.777971152116
2017_1137_1455,0.683972800185
2017_1137_1457,0.829959793978
2017_1137_1458,0.517084152841
2017_1137_1462,0.48175738181
2017_1139_1153,0.116423195173
2017_1139_1166,0.944627707225
2017_1139_1173,0.965306656839
2017_1139_1181,0.715533144552
2017_1139_1190,0.94891716619
2017_1139_1195,0.774081445525
2017_1139_1196,0.646891555048
2017_1139_1199,0.960489242602
2017_1139_1211,0.930504193041
2017_1139_1233,0.973670100241
2017_1139_1235,0.849352259112
2017_1139_1240,0.824667079342
2017_1139_1242,0.408898877833
2017_1139_1243,0.937962336879
2017_1139_1245,0.961043760631
2017_1139_1246,0.703182960203
2017_1139_1257,0.943348035777
2017_1139_1266,0.761535273223
2017_1139_1268,0.634780899284
2017_1139_1274,0.955307861609
2017_1139_1276,0.92213258764
2017_1139_1277,0.970174066647
2017_1139_1278,0.838554313547
2017_1139_1291,0.814112071932
2017_1139_1292,0.401242506114
2017_1139_1297,0.767842125412
2017_1139_1300,0.813630232219
2017_1139_1305,0.357836039437
2017_1139_1308,0.759712571916
2017_1139_1309,0.425605958186
2017_1139_1314,0.292421352891
2017_1139_1315,0.8001482029
2017_1139_1321,0.710064880706
2017_1139_1323,0.841083016347
2017_1139_1329,0.531050129624
2017_1139_1332,0.502193994713
2017_1139_1343,0.123988619679
2017_1139_1344,0.844279427596
2017_1139_1345,0.471807355976
2017_1139_1348,0.397194566635
2017_1139_1355,0.79735106631
2017_1139_1371,0.896653813859
2017_1139_1374,0.61629174462
2017_1139_1376,0.692153921769
2017_1139_1388,0.769805511259
2017_1139_1407,0.820381795392
2017_1139_1411,0.737939906985
2017_1139_1413,0.653940197352
2017_1139_1417,0.310990152121
2017_1139_1423,0.797095242996
2017_1139_1425,0.260523963326
2017_1139_1433,0.88284554696
2017_1139_1435,0.710388124943
2017_1139_1436,0.341355360958
2017_1139_1437,0.886619957639
2017_1139_1438,0.867801854322
2017_1139_1439,0.673796485572
2017_1139_1448,0.80064785001
2017_1139_1452,0.605760848775
2017_1139_1455,0.693371317264
2017_1139_1457,0.629345933458
2017_1139_1458,0.263357574622
2017_1139_1462,0.283801709313
2017_1153_1166,0.596684933415
2017_1153_1173,0.944046986691
2017_1153_1181,0.715402576243
2017_1153_1190,0.648653116701
2017_1153_1195,0.931079450988
2017_1153_1196,0.972385995355
2017_1153_1199,0.822078797376
2017_1153_1211,0.880283893884
2017_1153_1233,0.915297658345
2017_1153_1235,0.938182003222
2017_1153_1240,0.901827805817
2017_1153_1242,0.850711583281
2017_1153_1243,0.557971358018
2017_1153_1245,0.928889647389
2017_1153_1246,0.503359881282
2017_1153_1257,0.968059765237
2017_1153_1266,0.887860577075
2017_1153_1268,0.599630162375
2017_1153_1274,0.968800696862
2017_1153_1276,0.960908041283
2017_1153_1277,0.8558105421
2017_1153_1278,0.926786896205
2017_1153_1291,0.818046711854
2017_1153_1292,0.875418447522
2017_1153_1297,0.834140347458
2017_1153_1300,0.509562901485
2017_1153_1305,0.526283796052
2017_1153_1308,0.820042460605
2017_1153_1309,0.415629465681
2017_1153_1314,0.526445104946
2017_1153_1315,0.109652736733
2017_1153_1321,0.441527117596
2017_1153_1323,0.148939028254
2017_1153_1329,0.0829845168122
2017_1153_1332,0.502569190473
2017_1153_1343,0.387601897066
2017_1153_1344,0.558463994217
2017_1153_1345,0.216329454355
2017_1153_1348,0.19793976893
2017_1153_1355,0.0228935240531
2017_1153_1371,0.130320528034
2017_1153_1374,0.0408361713849
2017_1153_1376,0.92969323707
2017_1153_1388,0.648686552941
2017_1153_1407,0.933573818805
2017_1153_1411,0.830282067727
2017_1153_1413,0.721339052579
2017_1153_1417,0.978941122378
2017_1153_1423,0.96827925232
2017_1153_1425,0.952921625555
2017_1153_1433,0.781874752102
2017_1153_1435,0.963989497006
2017_1153_1436,0.857105615451
2017_1153_1437,0.413529561243
2017_1153_1438,0.758836110844
2017_1153_1439,0.518844953452
2017_1153_1448,0.887059534636
2017_1153_1452,0.922145240573
2017_1153_1455,0.945108070181
2017_1153_1457,0.910612482764
2017_1153_1458,0.85922636779
2017_1153_1462,0.565949331469
2017_1166_1173,0.937300469432
2017_1166_1181,0.510733896009
2017_1166_1190,0.97176612908
2017_1166_1195,0.895475116043
2017_1166_1196,0.60023164875
2017_1166_1199,0.971807803197
2017_1166_1211,0.96494689362
2017_1166_1233,0.866776927557
2017_1166_1235,0.935266576445
2017_1166_1240,0.829376386402
2017_1166_1242,0.88558666295
2017_1166_1243,0.84328752599
2017_1166_1245,0.514192841757
2017_1166_1246,0.532726698027
2017_1166_1257,0.831451204604
2017_1166_1266,0.965183096448
2017_1166_1268,0.657328181108
2017_1166_1274,0.237056463149
2017_1166_1276,0.634228540467
2017_1166_1277,0.437120950873
2017_1166_1278,0.134775655573
2017_1166_1291,0.765646790269
2017_1166_1292,0.70018385455
2017_1166_1297,0.357071388531
2017_1166_1300,0.740837787391
2017_1166_1305,0.465877861593
2017_1166_1308,0.0967931576638
2017_1166_1309,0.335267936475
2017_1166_1314,0.149598219479
2017_1166_1315,0.51823738239
2017_1166_1321,0.621227458072
2017_1166_1323,0.683656114967
2017_1166_1329,0.585078935812
2017_1166_1332,0.48009366107
2017_1166_1343,0.166923381398
2017_1166_1344,0.659473485739
2017_1166_1345,0.142294685378
2017_1166_1348,0.769610766771
2017_1166_1355,0.555660323616
2017_1166_1371,0.191230587188
2017_1166_1374,0.765039150069
2017_1166_1376,0.740604180412
2017_1166_1388,0.505524620268
2017_1166_1407,0.669307234633
2017_1166_1411,0.427693995746
2017_1166_1413,0.524516448651
2017_1166_1417,0.461086966689
2017_1166_1423,0.142150659133
2017_1166_1425,0.156215824367
2017_1166_1433,0.427889503436
2017_1166_1435,0.734828241685
2017_1166_1436,0.511259526513
2017_1166_1437,0.137608660757
2017_1166_1438,0.494425116221
2017_1166_1439,0.296534116478
2017_1166_1448,0.0705523274127
2017_1166_1452,0.638621254413
2017_1166_1455,0.561087502949
2017_1166_1457,0.231972157672
2017_1166_1458,0.612758149423
2017_1166_1462,0.321942747249
2017_1173_1181,0.0460146655114
2017_1173_1190,0.214000481135
2017_1173_1195,0.0814498542696
2017_1173_1196,0.376216845938
2017_1173_1199,0.469716792001
2017_1173_1211,0.543375325621
2017_1173_1233,0.43647452609
2017_1173_1235,0.334912804987
2017_1173_1240,0.0904134178385
2017_1173_1242,0.513080721088
2017_1173_1243,0.0735087460977
2017_1173_1245,0.648706352295
2017_1173_1246,0.408143952771
2017_1173_1257,0.109477423995
2017_1173_1266,0.645742124196
2017_1173_1268,0.612495177306
2017_1173_1274,0.357694885086
2017_1173_1276,0.517003346376
2017_1173_1277,0.286999846369
2017_1173_1278,0.382243968455
2017_1173_1291,0.316717975829
2017_1173_1292,0.0747044880129
2017_1173_1297,0.0831656703965
2017_1173_1300,0.291945450788
2017_1173_1305,0.611790341019
2017_1173_1308,0.524056051116
2017_1173_1309,0.606569760513
2017_1173_1314,0.15116590347
2017_1173_1315,0.527191447792
2017_1173_1321,0.197858835626
2017_1173_1323,0.114282295848
2017_1173_1329,0.582880958676
2017_1173_1332,0.467315973568
2017_1173_1343,0.641298274874
2017_1173_1344,0.285541694832
2017_1173_1345,0.259455696132
2017_1173_1348,0.0341996073752
2017_1173_1355,0.181484216122
2017_1173_1371,0.0568132342298
2017_1173_1374,0.0508209381973
2017_1173_1376,0.325619723297
2017_1173_1388,0.455761538705
2017_1173_1407,0.439780453106
2017_1173_1411,0.512119894018
2017_1173_1413,0.109549871452
2017_1173_1417,0.431622050333
2017_1173_1423,0.145605943263
2017_1173_1425,0.0802219608889
2017_1173_1433,0.485464757917
2017_1173_1435,0.370941666771
2017_1173_1436,0.552719108404
2017_1173_1437,0.213600075786
2017_1173_1438,0.194359825011
2017_1173_1439,0.0226933398186
2017_1173_1448,0.136277731773
2017_1173_1452,0.0424849246801
2017_1173_1455,0.035077511383
2017_1173_1457,0.243021017328
2017_1173_1458,0.364882191261
2017_1173_1462,0.794815017653
2017_1181_1190,0.382290143675
2017_1181_1195,0.777177817727
2017_1181_1196,0.604412756722
2017_1181_1199,0.255628206716
2017_1181_1211,0.871199259618
2017_1181_1233,0.829809175694
2017_1181_1235,0.530187089226
2017_1181_1240,0.856414930499
2017_1181_1242,0.640329445748
2017_1181_1243,0.190519859903
2017_1181_1245,0.497376475905
2017_1181_1246,0.278628080797
2017_1181_1257,0.679558047013
2017_1181_1266,0.768873702086
2017_1181_1268,0.809241716846
2017_1181_1274,0.744932319998
2017_1181_1276,0.651684057729
2017_1181_1277,0.299747675711
2017_1181_1278,0.795398391738
2017_1181_1291,0.258591464267
2017_1181_1292,0.878697827777
2017_1181_1297,0.715309973597
2017_1181_1300,0.325413339198
2017_1181_1305,0.876936445677
2017_1181_1308,0.854040989602
2017_1181_1309,0.66463560391
2017_1181_1314,0.805279279351
2017_1181_1315,0.599818156431
2017_1181_1321,0.681440816028
2017_1181_1323,0.625928499497
2017_1181_1329,0.264502634874
2017_1181_1332,0.278394155378
2017_1181_1343,0.598148572909
2017_1181_1344,0.858555596034
2017_1181_1345,0.811018912552
2017_1181_1348,0.864878111139
2017_1181_1355,0.813490482504
2017_1181_1371,0.459196634005
2017_1181_1374,0.383193791075
2017_1181_1376,0.788306321204
2017_1181_1388,0.897177506011
2017_1181_1407,0.602446912092
2017_1181_1411,0.248741855787
2017_1181_1413,0.660655244698
2017_1181_1417,0.781454084133
2017_1181_1423,0.497068397631
2017_1181_1425,0.686078931639
2017_1181_1433,0.763672173953
2017_1181_1435,0.812532973113
2017_1181_1436,0.739757948854
2017_1181_1437,0.646849338531
2017_1181_1438,0.29664601829
2017_1181_1439,0.794202575262
2017_1181_1448,0.253107204934
2017_1181_1452,0.882155182641
2017_1181_1455,0.711083609464
2017_1181_1457,0.329080725709
2017_1181_1458,0.88235438423
2017_1181_1462,0.860486474453
2017_1190_1195,0.660982576326
2017_1190_1196,0.795887518293
2017_1190_1199,0.595997603996
2017_1190_1211,0.687390505191
2017_1190_1233,0.621550801845
2017_1190_1235,0.258627676783
2017_1190_1240,0.273388331945
2017_1190_1242,0.59570989883
2017_1190_1243,0.864266557703
2017_1190_1245,0.81565864618
2017_1190_1246,0.865130896253
2017_1190_1257,0.528298375658
2017_1190_1266,0.619398254674
2017_1190_1268,0.166756211652
2017_1190_1274,0.543168590224
2017_1190_1276,0.217844015535
2017_1190_1277,0.123638960478
2017_1190_1278,0.60056964357
2017_1190_1291,0.489519625777
2017_1190_1292,0.664036622409
2017_1190_1297,0.304060530848
2017_1190_1300,0.27388515472
2017_1190_1305,0.0375294794832
2017_1190_1308,0.197703252735
2017_1190_1309,0.0707955269201
2017_1190_1314,0.0612453061766
2017_1190_1315,0.332982957415
2017_1190_1321,0.469018874704
2017_1190_1323,0.188732767127
2017_1190_1329,0.191882537138
2017_1190_1332,0.706547037124
2017_1190_1343,0.786909025365
2017_1190_1344,0.322657804129
2017_1190_1345,0.72583911336
2017_1190_1348,0.384256963457
2017_1190_1355,0.264786892046
2017_1190_1371,0.763252562752
2017_1190_1374,0.662378070768
2017_1190_1376,0.813677361676
2017_1190_1388,0.49548596681
2017_1190_1407,0.466260438325
2017_1190_1411,0.112951955482
2017_1190_1413,0.350172071828
2017_1190_1417,0.163335913719
2017_1190_1423,0.146695435265
2017_1190_1425,0.534804152359
2017_1190_1433,0.669417248829
2017_1190_1435,0.384060219753
2017_1190_1436,0.370023138502
2017_1190_1437,0.939282036079
2017_1190_1438,0.663116326239
2017_1190_1439,0.939100207048
2017_1190_1448,0.839307682241
2017_1190_1452,0.527188103039
2017_1190_1455,0.969486842879
2017_1190_1457,0.955150427428
2017_1190_1458,0.793096425936
2017_1190_1462,0.966005500915
2017_1195_1196,0.863215654222
2017_1195_1199,0.423068257625
2017_1195_1211,0.772786433175
2017_1195_1233,0.539431152477
2017_1195_1235,0.763349771131
2017_1195_1240,0.892582755817
2017_1195_1242,0.924531196233
2017_1195_1243,0.946301849917
2017_1195_1245,0.915078196297
2017_1195_1246,0.865334160396
2017_1195_1257,0.579944053912
2017_1195_1266,0.93873033341
2017_1195_1268,0.520052925533
2017_1195_1274,0.973803784674
2017_1195_1276,0.900299557743
2017_1195_1277,0.615306685261
2017_1195_1278,0.974248336735
2017_1195_1291,0.966572305611
2017_1195_1292,0.869899929094
2017_1195_1297,0.936079485339
2017_1195_1300,0.835026607217
2017_1195_1305,0.889721799033
2017_1195_1308,0.847664902981
2017_1195_1309,0.528982071494
2017_1195_1314,0.543906317246
2017_1195_1315,0.840209795868
2017_1195_1321,0.968562289836
2017_1195_1323,0.953134707499
2017_1195_1329,0.966876936828
2017_1195_1332,0.941566152819
2017_1195_1343,0.863932151126
2017_1195_1344,0.77299653178
2017_1195_1345,0.843545411057
2017_1195_1348,0.403565392082
2017_1195_1355,0.79347291365
2017_1195_1371,0.475959398467
2017_1195_1374,0.337674226741
2017_1195_1376,0.829113118969
2017_1195_1388,0.747906249547
2017_1195_1407,0.867031411128
2017_1195_1411,0.581451290675
2017_1195_1413,0.548956525252
2017_1195_1417,0.153418793346
2017_1195_1423,0.438126039284
2017_1195_1425,0.223154600667
2017_1195_1433,0.20553460564
2017_1195_1435,0.616473767606
2017_1195_1436,0.737929143576
2017_1195_1437,0.449926988038
2017_1195_1438,0.444295422222
2017_1195_1439,0.194927535737
2017_1195_1448,0.507277065515
2017_1195_1452,0.144428388204
2017_1195_1455,0.106594753354
2017_1195_1457,0.436905323714
2017_1195_1458,0.620046428392
2017_1195_1462,0.242734031144
2017_1196_1199,0.0505492800859
2017_1196_1211,0.294567708807
2017_1196_1233,0.427789152764
2017_1196_1235,0.170568076923
2017_1196_1240,0.0485292850718
2017_1196_1242,0.318554573267
2017_1196_1243,0.403872398947
2017_1196_1245,0.477936547111
2017_1196_1246,0.37318875088
2017_1196_1257,0.278279216841
2017_1196_1266,0.0679024863985
2017_1196_1268,0.446114615092
2017_1196_1274,0.0532276075939
2017_1196_1276,0.589452484084
2017_1196_1277,0.346429488651
2017_1196_1278,0.0836977434556
2017_1196_1291,0.588512347062
2017_1196_1292,0.551181481511
2017_1196_1297,0.298568671375
2017_1196_1300,0.447773328511
2017_1196_1305,0.234192149598
2017_1196_1308,0.322802901568
2017_1196_1309,0.260237735598
2017_1196_1314,0.0547746094426
2017_1196_1315,0.0613309487294
2017_1196_1321,0.242135416934
2017_1196_1323,0.554907535444
2017_1196_1329,0.472789108409
2017_1196_1332,0.560753157691
2017_1196_1343,0.450490377254
2017_1196_1344,0.276735151493
2017_1196_1345,0.214872342387
2017_1196_1348,0.674732364651
2017_1196_1355,0.287371653613
2017_1196_1371,0.232414781263
2017_1196_1374,0.633727663937
2017_1196_1376,0.785933186001
2017_1196_1388,0.42439155838
2017_1196_1407,0.126812596999
2017_1196_1411,0.494352976189
2017_1196_1413,0.627195005554
2017_1196_1417,0.335444426997
2017_1196_1423,0.119834733482
2017_1196_1425,0.515165060244
2017_1196_1433,0.608931921761
2017_1196_1435,0.675041899092
2017_1196_1436,0.567801688653
2017_1196_1437,0.467872813099
2017_1196_1438,0.161421029007
2017_1196_1439,0.646591137304
2017_1196_1448,0.136969861963
2017_1196_1452,0.761890738776
2017_1196_1455,0.540467181638
2017_1196_1457,0.188993924858
2017_1196_1458,0.760513968204
2017_1196_1462,0.738547493123
2017_1199_1211,0.49124750884
2017_1199_1233,0.650032645393
2017_1199_1235,0.417439655526
2017_1199_1240,0.516268687364
2017_1199_1242,0.44986454506
2017_1199_1243,0.135436947493
2017_1199_1245,0.149560882727
2017_1199_1246,0.41201682349
2017_1199_1257,0.727041800062
2017_1199_1266,0.663364330201
2017_1199_1268,0.741472874252
2017_1199_1274,0.637260462053
2017_1199_1276,0.472731868824
2017_1199_1277,0.378856331564
2017_1199_1278,0.5194668981
2017_1199_1291,0.0793161115437
2017_1199_1292,0.116237681169
2017_1199_1297,0.449387563159
2017_1199_1300,0.264862059791
2017_1199_1305,0.162286314422
2017_1199_1308,0.622895046384
2017_1199_1309,0.299304131277
2017_1199_1314,0.442935388884
2017_1199_1315,0.187895146842
2017_1199_1321,0.0511986560585
2017_1199_1323,0.640263926042
2017_1199_1329,0.572456706667
2017_1199_1332,0.241721694603
2017_1199_1343,0.619078368716
2017_1199_1344,0.335013240258
2017_1199_1345,0.0481669709349
2017_1199_1348,0.230032797824
2017_1199_1355,0.0876432186064
2017_1199_1371,0.226981448906
2017_1199_1374,0.568309223258
2017_1199_1376,0.382560243337
2017_1199_1388,0.379285154754
2017_1199_1407,0.478338507106
2017_1199_1411,0.542028372381
2017_1199_1413,0.451463026854
2017_1199_1417,0.347362901314
2017_1199_1423,0.0973210210224
2017_1199_1425,0.517388610459
2017_1199_1433,0.075406075993
2017_1199_1435,0.657274854315
2017_1199_1436,0.417095376581
2017_1199_1437,0.11153716908
2017_1199_1438,0.656525712405
2017_1199_1439,0.613056265816
2017_1199_1448,0.364105858395
2017_1199_1452,0.527581200024
2017_1199_1455,0.297262524708
2017_1199_1457,0.383539826343
2017_1199_1458,0.321267042991
2017_1199_1462,0.0793083367531
2017_1211_1233,0.0862969079707
2017_1211_1235,0.305244371108
2017_1211_1240,0.628727446014
2017_1211_1242,0.545748598008
2017_1211_1243,0.62977441308
2017_1211_1245,0.536808774629
2017_1211_1246,0.331224646013
2017_1211_1257,0.273464958434
2017_1211_1266,0.92369571349
2017_1211_1268,0.655194471281
2017_1211_1274,0.584010313343
2017_1211_1276,0.903236752959
2017_1211_1277,0.960986365874
2017_1211_1278,0.777892357479
2017_1211_1291,0.429533480522
2017_1211_1292,0.823349120698
2017_1211_1297,0.899771682096
2017_1211_1300,0.695102592553
2017_1211_1305,0.41744307215
2017_1211_1308,0.896589047796
2017_1211_1309,0.839739275268
2017_1211_1314,0.890522825616
2017_1211_1315,0.918003978322
2017_1211_1321,0.873539495134
2017_1211_1323,0.810872576023
2017_1211_1329,0.488311464899
2017_1211_1332,0.908068242864
2017_1211_1343,0.439310431272
2017_1211_1344,0.953679038527
2017_1211_1345,0.855548249226
2017_1211_1348,0.523134906805
2017_1211_1355,0.953250388817
2017_1211_1371,0.943756176857
2017_1211_1374,0.821332055846
2017_1211_1376,0.909340954606
2017_1211_1388,0.774023666912
2017_1211_1407,0.838691939714
2017_1211_1411,0.793630541472
2017_1211_1413,0.441563656499
2017_1211_1417,0.461091227839
2017_1211_1423,0.773295314741
2017_1211_1425,0.943050509017
2017_1211_1433,0.91931136764
2017_1211_1435,0.945934701947
2017_1211_1436,0.908501530059
2017_1211_1437,0.807102802362
2017_1211_1438,0.741706602403
2017_1211_1439,0.951188650811
2017_1211_1448,0.967321575276
2017_1211_1452,0.727556489388
2017_1211_1455,0.951328199423
2017_1211_1457,0.785001306154
2017_1211_1458,0.665473402252
2017_1211_1462,0.962275830531
2017_1233_1235,0.93337865635
2017_1233_1240,0.97419526393
2017_1233_1242,0.854712883613
2017_1233_1243,0.833351774153
2017_1233_1245,0.432959001402
2017_1233_1246,0.766187546432
2017_1233_1257,0.529510198871
2017_1233_1266,0.51301977183
2017_1233_1268,0.871283092401
2017_1233_1274,0.929127770167
2017_1233_1276,0.763841293355
2017_1233_1277,0.760280565909
2017_1233_1278,0.496726947318
2017_1233_1291,0.947740660616
2017_1233_1292,0.882050190583
2017_1233_1297,0.927507895664
2017_1233_1300,0.593640647723
2017_1233_1305,0.970796417192
2017_1233_1308,0.979445162319
2017_1233_1309,0.790621433106
2017_1233_1314,0.969536419479
2017_1233_1315,0.838549053361
2017_1233_1321,0.730843586813
2017_1233_1323,0.976780437066
2017_1233_1329,0.956824063736
2017_1233_1332,0.984646155299
2017_1233_1343,0.897686905964
2017_1233_1344,0.879693173376
2017_1233_1345,0.503727163263
2017_1233_1348,0.822471016214
2017_1233_1355,0.601793487451
2017_1233_1371,0.587701647622
2017_1233_1374,0.908128439397
2017_1233_1376,0.953412115426
2017_1233_1388,0.818142708482
2017_1233_1407,0.818996980501
2017_1233_1411,0.571078995282
2017_1233_1413,0.966294306667
2017_1233_1417,0.916723471101
2017_1233_1423,0.950511584922
2017_1233_1425,0.66399534436
2017_1233_1433,0.498540956194
2017_1233_1435,0.561442561661
2017_1233_1436,0.134979451039
2017_1233_1437,0.489853941925
2017_1233_1438,0.175804670238
2017_1233_1439,0.101031753514
2017_1233_1448,0.548078075948
2017_1233_1452,0.429521922099
2017_1233_1455,0.59927467754
2017_1233_1457,0.249952496432
2017_1233_1458,0.233988032423
2017_1233_1462,0.0296626638831
2017_1235_1240,0.158305989771
2017_1235_1242,0.0514781553922
2017_1235_1243,0.0428954072944
2017_1235_1245,0.288811041115
2017_1235_1246,0.416720875508
2017_1235_1257,0.166977643698
2017_1235_1266,0.163146455134
2017_1235_1268,0.0396078473076
2017_1235_1274,0.470377035259
2017_1235_1276,0.311050213438
2017_1235_1277,0.39496905621
2017_1235_1278,0.0699423378354
2017_1235_1291,0.770894311094
2017_1235_1292,0.393507048576
2017_1235_1297,0.327867829145
2017_1235_1300,0.742946483214
2017_1235_1305,0.86479895117
2017_1235_1308,0.541989092316
2017_1235_1309,0.195336333941
2017_1235_1314,0.612737220212
2017_1235_1315,0.735502042345
2017_1235_1321,0.444441526323
2017_1235_1323,0.18490321435
2017_1235_1329,0.725290750511
2017_1235_1332,0.634334236963
2017_1235_1343,0.715400167701
2017_1235_1344,0.776575488042
2017_1235_1345,0.681282159496
2017_1235_1348,0.584762659742
2017_1235_1355,0.242532367034
2017_1235_1371,0.751882203846
2017_1235_1374,0.208313075632
2017_1235_1376,0.847960853395
2017_1235_1388,0.654154605322
2017_1235_1407,0.27679419911
2017_1235_1411,0.84743252509
2017_1235_1413,0.829544765421
2017_1235_1417,0.607578377271
2017_1235_1423,0.750534098488
2017_1235_1425,0.535390926981
2017_1235_1433,0.636747888751
2017_1235_1435,0.565520199005
2017_1235_1436,0.206758214819
2017_1235_1437,0.224846186221
2017_1235_1438,0.53095804793
2017_1235_1439,0.822353582465
2017_1235_1448,0.766836637172
2017_1235_1452,0.830229249252
2017_1235_1455,0.74313511359
2017_1235_1457,0.592038392956
2017_1235_1458,0.495634159995
2017_1235_1462,0.205566392555
2017_1240_1242,0.147865824369
2017_1240_1243,0.785345236542
2017_1240_1245,0.720717777172
2017_1240_1246,0.307034815173
2017_1240_1257,0.247490291736
2017_1240_1266,0.651900879804
2017_1240_1268,0.795791671689
2017_1240_1274,0.445698782153
2017_1240_1276,0.133965937029
2017_1240_1277,0.506633138606
2017_1240_1278,0.642730002798
2017_1240_1291,0.353618822015
2017_1240_1292,0.1271564862
2017_1240_1297,0.627718951589
2017_1240_1300,0.525113885762
2017_1240_1305,0.621300134279
2017_1240_1308,0.691381467276
2017_1240_1309,0.579228687149
2017_1240_1314,0.484171629103
2017_1240_1315,0.176426808474
2017_1240_1321,0.656922429055
2017_1240_1323,0.144543709797
2017_1240_1329,0.772791755487
2017_1240_1332,0.55159268027
2017_1240_1343,0.204189816805
2017_1240_1344,0.777039027695
2017_1240_1345,0.751922489723
2017_1240_1348,0.513949548006
2017_1240_1355,0.664358295271
2017_1240_1371,0.43189369431
2017_1240_1374,0.531851863545
2017_1240_1376,0.463659522673
2017_1240_1388,0.145542099081
2017_1240_1407,0.162448575384
2017_1240_1411,0.425282193262
2017_1240_1413,0.750584711283
2017_1240_1417,0.673296152783
2017_1240_1423,0.751026945944
2017_1240_1425,0.656299811822
2017_1240_1433,0.49556773963
2017_1240_1435,0.406728422597
2017_1240_1436,0.142482959033
2017_1240_1437,0.0977046785497
2017_1240_1438,0.704944029246
2017_1240_1439,0.681988802187
2017_1240_1448,0.161293781278
2017_1240_1452,0.266337402207
2017_1240_1455,0.677075617537
2017_1240_1457,0.474361110381
2017_1240_1458,0.331233075536
2017_1240_1462,0.837389052132
2017_1242_1243,0.542492260126
2017_1242_1245,0.675299075177
2017_1242_1246,0.381467394757
2017_1242_1257,0.144637868913
2017_1242_1266,0.795288043819
2017_1242_1268,0.736364484394
2017_1242_1274,0.396743371659
2017_1242_1276,0.775838015045
2017_1242_1277,0.50757452536
2017_1242_1278,0.111819768255
2017_1242_1291,0.36260519015
2017_1242_1292,0.166379877091
2017_1242_1297,0.372012218492
2017_1242_1300,0.728961799335
2017_1242_1305,0.558092903108
2017_1242_1308,0.209760725162
2017_1242_1309,0.43258929624
2017_1242_1314,0.526099414824
2017_1242_1315,0.564441336532
2017_1242_1321,0.655757793687
2017_1242_1323,0.7200976712
2017_1242_1329,0.618994887855
2017_1242_1332,0.517803980719
2017_1242_1343,0.192442588117
2017_1242_1344,0.694191490114
2017_1242_1345,0.163540629649
2017_1242_1348,0.80169225752
2017_1242_1355,0.589869138049
2017_1242_1371,0.221033959433
2017_1242_1374,0.80021174631
2017_1242_1376,0.778808358096
2017_1242_1388,0.541185614216
2017_1242_1407,0.69645919001
2017_1242_1411,0.46720145341
2017_1242_1413,0.567670114893
2017_1242_1417,0.498111676074
2017_1242_1423,0.16245381533
2017_1242_1425,0.177873261858
2017_1242_1433,0.462311426616
2017_1242_1435,0.771073521638
2017_1242_1436,0.707951166994
2017_1242_1437,0.782539404016
2017_1242_1438,0.686942721318
2017_1242_1439,0.520102108469
2017_1242_1448,0.426917270233
2017_1242_1452,0.160313893106
2017_1242_1455,0.112487221004
2017_1242_1457,0.729724334913
2017_1242_1458,0.684022158888
2017_1242_1462,0.255584666124
2017_1243_1245,0.661899861415
2017_1243_1246,0.464163173857
2017_1243_1257,0.154052653077
2017_1243_1266,0.713768690721
2017_1243_1268,0.489650218519
2017_1243_1274,0.781653495819
2017_1243_1276,0.722064793245
2017_1243_1277,0.383264737043
2017_1243_1278,0.76024563561
2017_1243_1291,0.494880853385
2017_1243_1292,0.104830025677
2017_1243_1297,0.36122868428
2017_1243_1300,0.168806410537
2017_1243_1305,0.363525901548
2017_1243_1308,0.722112497532
2017_1243_1309,0.5402353505
2017_1243_1314,0.199806570079
2017_1243_1315,0.418290031262
2017_1243_1321,0.519420550785
2017_1243_1323,0.542745257276
2017_1243_1329,0.641819805785
2017_1243_1332,0.698449939571
2017_1243_1343,0.614819344029
2017_1243_1344,0.506939473676
2017_1243_1345,0.184385410588
2017_1243_1348,0.678886937456
2017_1243_1355,0.153418093736
2017_1243_1371,0.792251361892
2017_1243_1374,0.581281069481
2017_1243_1376,0.206583965714
2017_1243_1388,0.788957133125
2017_1243_1407,0.757701943722
2017_1243_1411,0.524126730369
2017_1243_1413,0.687277970469
2017_1243_1417,0.452596691668
2017_1243_1423,0.546473948832
2017_1243_1425,0.480875125705
2017_1243_1433,0.157528570579
2017_1243_1435,0.16869528883
2017_1243_1436,0.458131761813
2017_1243_1437,0.763657914838
2017_1243_1438,0.698404940949
2017_1243_1439,0.772557661476
2017_1243_1448,0.68972959742
2017_1243_1452,0.487338508536
2017_1243_1455,0.416657206077
2017_1243_1457,0.153770151603
2017_1243_1458,0.110083732323
2017_1243_1462,0.727214233367
2017_1245_1246,0.80545297239
2017_1245_1257,0.863753907734
2017_1245_1266,0.446007531686
2017_1245_1268,0.82047449869
2017_1245_1274,0.514924460784
2017_1245_1276,0.371069481336
2017_1245_1277,0.850001091135
2017_1245_1278,0.773983367158
2017_1245_1291,0.88959117676
2017_1245_1292,0.624162084673
2017_1245_1297,0.588978177699
2017_1245_1300,0.177199499478
2017_1245_1305,0.478835347003
2017_1245_1308,0.261063385542
2017_1245_1309,0.238902736499
2017_1245_1314,0.646367297864
2017_1245_1315,0.770368487971
2017_1245_1321,0.486856585712
2017_1245_1323,0.488946145266
2017_1245_1329,0.233228252965
2017_1245_1332,0.816112621825
2017_1245_1343,0.66796723489
2017_1245_1344,0.762501858941
2017_1245_1345,0.304254749914
2017_1245_1348,0.551057118272
2017_1245_1355,0.636228791603
2017_1245_1371,0.616948347155
2017_1245_1374,0.625300231364
2017_1245_1376,0.346171106053
2017_1245_1388,0.0813841441314
2017_1245_1407,0.056581609866
2017_1245_1411,0.31035886312
2017_1245_1413,0.487374463545
2017_1245_1417,0.149646892188
2017_1245_1423,0.0247074221566
2017_1245_1425,0.188346154353
2017_1245_1433,0.300298408078
2017_1245_1435,0.0962928628762
2017_1245_1436,0.0235400341992
2017_1245_1437,0.286820355014
2017_1245_1438,0.170527201068
2017_1245_1439,0.16997018015
2017_1245_1448,0.209025836849
2017_1245_1452,0.279943793573
2017_1245_1455,0.343631944495
2017_1245_1457,0.255147020191
2017_1245_1458,0.178090788162
2017_1245_1462,0.0337391110271
2017_1246_1257,0.315923989069
2017_1246_1266,0.0254447266294
2017_1246_1268,0.456132605923
2017_1246_1274,0.231528150985
2017_1246_1276,0.0430749930993
2017_1246_1277,0.456828234019
2017_1246_1278,0.415678097461
2017_1246_1291,0.190694007571
2017_1246_1292,0.317121513832
2017_1246_1297,0.144068084572
2017_1246_1300,0.211588110003
2017_1246_1305,0.162825726642
2017_1246_1308,0.0267038474759
2017_1246_1309,0.0298320926501
2017_1246_1314,0.147169641736
2017_1246_1315,0.423395110279
2017_1246_1321,0.345301754741
2017_1246_1323,0.424340448075
2017_1246_1329,0.325240185962
2017_1246_1332,0.172899827511
2017_1246_1343,0.12994116908
2017_1246_1344,0.0270070106354
2017_1246_1345,0.0156408164425
2017_1246_1348,0.364201539403
2017_1246_1355,0.104865922783
2017_1246_1371,0.505817626594
2017_1246_1374,0.156289589163
2017_1246_1376,0.114303842004
2017_1246_1388,0.436703982657
2017_1246_1407,0.63555172509
2017_1246_1411,0.257084140051
2017_1246_1413,0.0568888591444
2017_1246_1417,0.302727989356
2017_1246_1423,0.446707999857
2017_1246_1425,0.186830229021
2017_1246_1433,0.0583644518889
2017_1246_1435,0.449888739051
2017_1246_1436,0.274758071375
2017_1246_1437,0.293833738357
2017_1246_1438,0.319610496854
2017_1246_1439,0.428430905333
2017_1246_1448,0.484201467367
2017_1246_1452,0.399050740817
2017_1246_1455,0.298104607709
2017_1246_1457,0.0737124140607
2017_1246_1458,0.464386276564
2017_1246_1462,0.0594482925224
2017_1257_1266,0.594808231759
2017_1257_1268,0.366637948753
2017_1257_1274,0.0849363159673
2017_1257_1276,0.588189692413
2017_1257_1277,0.54726012194
2017_1257_1278,0.315325483246
2017_1257_1291,0.484576116125
2017_1257_1292,0.250717783453
2017_1257_1297,0.326530873493
2017_1257_1300,0.277091245307
2017_1257_1305,0.0617823832939
2017_1257_1308,0.0676149015828
2017_1257_1309,0.252744250293
2017_1257_1314,0.556172414966
2017_1257_1315,0.475198234275
2017_1257_1321,0.574827874754
2017_1257_1323,0.482564506136
2017_1257_1329,0.271857584817
2017_1257_1332,0.223186888293
2017_1257_1343,0.0590194773801
2017_1257_1344,0.0383622742621
2017_1257_1345,0.507295611456
2017_1257_1348,0.197818009888
2017_1257_1355,0.762755097809
2017_1257_1371,0.377271290582
2017_1257_1374,0.301741537941
2017_1257_1376,0.729146763505
2017_1257_1388,0.860807188162
2017_1257_1407,0.520992723741
2017_1257_1411,0.185996169703
2017_1257_1413,0.58204334135
2017_1257_1417,0.719341278135
2017_1257_1423,0.407790182942
2017_1257_1425,0.179502188797
2017_1257_1433,0.703050043109
2017_1257_1435,0.55249436918
2017_1257_1436,0.552315889724
2017_1257_1437,0.614315621528
2017_1257_1438,0.69377688129
2017_1257_1439,0.754134389725
2017_1257_1448,0.673982057455
2017_1257_1452,0.567799253734
2017_1257_1455,0.227878735467
2017_1257_1457,0.733903753541
2017_1257_1458,0.186590256951
2017_1257_1462,0.843579581822
2017_1266_1268,0.639220120892
2017_1266_1274,0.254873932663
2017_1266_1276,0.843466463641
2017_1266_1277,0.81371005893
2017_1266_1278,0.580855945899
2017_1266_1291,0.730258013953
2017_1266_1292,0.515039686387
2017_1266_1297,0.616445295273
2017_1266_1300,0.537818831247
2017_1266_1305,0.193313346564
2017_1266_1308,0.204192186806
2017_1266_1309,0.523332607131
2017_1266_1314,0.82344210291
2017_1266_1315,0.763144805773
2017_1266_1321,0.820267349211
2017_1266_1323,0.744205685205
2017_1266_1329,0.555900641036
2017_1266_1332,0.481863789992
2017_1266_1343,0.191152951183
2017_1266_1344,0.137348150053
2017_1266_1345,0.785070703828
2017_1266_1348,0.429028812308
2017_1266_1355,0.695652997846
2017_1266_1371,0.780679749995
2017_1266_1374,0.301869656775
2017_1266_1376,0.717587726089
2017_1266_1388,0.368422126584
2017_1266_1407,0.241990904774
2017_1266_1411,0.763191293823
2017_1266_1413,0.665559055179
2017_1266_1417,0.810644251006
2017_1266_1423,0.479440742024
2017_1266_1425,0.445094728452
2017_1266_1433,0.0934119347782
2017_1266_1435,0.335969437703
2017_1266_1436,0.146346306527
2017_1266_1437,0.132524556362
2017_1266_1438,0.519119442994
2017_1266_1439,0.654800496909
2017_1266_1448,0.34621422517
2017_1266_1452,0.34108294755
2017_1266_1455,0.124486155457
2017_1266_1457,0.708915732201
2017_1266_1458,0.534966044768
2017_1266_1462,0.637857504367
2017_1268_1274,0.187091404866
2017_1268_1276,0.408229401528
2017_1268_1277,0.506188306522
2017_1268_1278,0.478167561269
2017_1268_1291,0.48396102029
2017_1268_1292,0.811607819249
2017_1268_1297,0.699895735917
2017_1268_1300,0.405648020637
2017_1268_1305,0.340515594731
2017_1268_1308,0.0671316526875
2017_1268_1309,0.337425940293
2017_1268_1314,0.170757308288
2017_1268_1315,0.0275783533796
2017_1268_1321,0.375121403724
2017_1268_1323,0.192142330997
2017_1268_1329,0.481970617098
2017_1268_1332,0.399013826917
2017_1268_1343,0.124544377937
2017_1268_1344,0.45420185648
2017_1268_1345,0.187798745552
2017_1268_1348,0.0182351270853
2017_1268_1355,0.10827314556
2017_1268_1371,0.0314400446208
2017_1268_1374,0.111800567429
2017_1268_1376,0.389817169099
2017_1268_1388,0.234241190194
2017_1268_1407,0.0458821995919
2017_1268_1411,0.145345171469
2017_1268_1413,0.208333913287
2017_1268_1417,0.523521367272
2017_1268_1423,0.398615445774
2017_1268_1425,0.145261469834
2017_1268_1433,0.237769044969
2017_1268_1435,0.313422981475
2017_1268_1436,0.392521396625
2017_1268_1437,0.273162955712
2017_1268_1438,0.197133457705
2017_1268_1439,0.0390410052375
2017_1268_1448,0.355231017615
2017_1268_1452,0.0318479344254
2017_1268_1455,0.483370117336
2017_1268_1457,0.254458180189
2017_1268_1458,0.0514907411213
2017_1268_1462,0.481287083763
2017_1274_1276,0.46167036302
2017_1274_1277,0.221701546836
2017_1274_1278,0.353784641537
2017_1274_1291,0.16425257448
2017_1274_1292,0.243256784627
2017_1274_1297,0.189398844592
2017_1274_1300,0.0305042472047
2017_1274_1305,0.0363299703526
2017_1274_1308,0.161197201834
2017_1274_1309,0.438360719723
2017_1274_1314,0.360991592524
2017_1274_1315,0.460076395205
2017_1274_1321,0.333410660823
2017_1274_1323,0.210918752202
2017_1274_1329,0.142877904599
2017_1274_1332,0.031233859846
2017_1274_1343,0.0179631250737
2017_1274_1344,0.387509011465
2017_1274_1345,0.123810671571
2017_1274_1348,0.191021529867
2017_1274_1355,0.497921888534
2017_1274_1371,0.574851770792
2017_1274_1374,0.137141804643
2017_1274_1376,0.494695308948
2017_1274_1388,0.179755771088
2017_1274_1407,0.102277916337
2017_1274_1411,0.549886550664
2017_1274_1413,0.43350823392
2017_1274_1417,0.613138622556
2017_1274_1423,0.260323739189
2017_1274_1425,0.23699812401
2017_1274_1433,0.0302109301035
2017_1274_1435,0.16688586157
2017_1274_1436,0.0531258049729
2017_1274_1437,0.0456677153026
2017_1274_1438,0.29541212235
2017_1274_1439,0.424999577147
2017_1274_1448,0.168654035514
2017_1274_1452,0.164272120069
2017_1274_1455,0.0427798984079
2017_1274_1457,0.486769213807
2017_1274_1458,0.31142583457
2017_1274_1462,0.415960934376
2017_1276_1277,0.0720483220357
2017_1276_1278,0.207904222316
2017_1276_1291,0.29435425491
2017_1276_1292,0.262689678114
2017_1276_1297,0.268820483321
2017_1276_1300,0.621058922856
2017_1276_1305,0.480180537665
2017_1276_1308,0.208032016157
2017_1276_1309,0.597788341797
2017_1276_1314,0.911167379505
2017_1276_1315,0.942696181544
2017_1276_1321,0.625908564499
2017_1276_1323,0.917632057883
2017_1276_1329,0.689186447274
2017_1276_1332,0.554372551978
2017_1276_1343,0.933950399831
2017_1276_1344,0.888303340378
2017_1276_1345,0.954454211244
2017_1276_1348,0.783496979944
2017_1276_1355,0.755902511984
2017_1276_1371,0.322934896165
2017_1276_1374,0.659700909541
2017_1276_1376,0.417230095666
2017_1276_1388,0.395620963019
2017_1276_1407,0.805072040481
2017_1276_1411,0.888153505212
2017_1276_1413,0.674645671158
2017_1276_1417,0.669056993914
2017_1276_1423,0.386949066299
2017_1276_1425,0.915390276357
2017_1276_1433,0.813648266103
2017_1276_1435,0.886281572439
2017_1276_1436,0.478664593871
2017_1276_1437,0.719505711619
2017_1276_1438,0.79563695506
2017_1276_1439,0.776047240299
2017_1276_1448,0.789545455832
2017_1276_1452,0.957151779515
2017_1276_1455,0.913394495847
2017_1276_1457,0.735214309451
2017_1276_1458,0.94738332939
2017_1276_1462,0.540564687195
2017_1277_1278,0.174866143457
2017_1277_1291,0.133302681894
2017_1277_1292,0.479782299729
2017_1277_1297,0.660522865492
2017_1277_1300,0.282718455916
2017_1277_1305,0.0661806115216
2017_1277_1308,0.33904037934
2017_1277_1309,0.474114472188
2017_1277_1314,0.207588814808
2017_1277_1315,0.0638181628466
2017_1277_1321,0.471202493208
2017_1277_1323,0.310161356009
2017_1277_1329,0.317730264872
2017_1277_1332,0.641024651246
2017_1277_1343,0.3611527403
2017_1277_1344,0.455698237807
2017_1277_1345,0.523407583775
2017_1277_1348,0.419253583108
2017_1277_1355,0.322256727282
2017_1277_1371,0.0859835790369
2017_1277_1374,0.493713417458
2017_1277_1376,0.0702783064976
2017_1277_1388,0.628661241644
2017_1277_1407,0.393059036348
2017_1277_1411,0.104641819636
2017_1277_1413,0.626300993791
2017_1277_1417,0.593594941751
2017_1277_1423,0.342642013047
2017_1277_1425,0.500885142703
2017_1277_1433,0.274775001552
2017_1277_1435,0.363495815403
2017_1277_1436,0.304753651949
2017_1277_1437,0.0712624015341
2017_1277_1438,0.0793229744345
2017_1277_1439,0.277632850898
2017_1277_1448,0.590139140031
2017_1277_1452,0.516617588013
2017_1277_1455,0.60438671401
2017_1277_1457,0.495698710946
2017_1277_1458,0.317718592553
2017_1277_1462,0.249264189338
2017_1278_1291,0.0715539803509
2017_1278_1292,0.0466941234687
2017_1278_1297,0.543006675993
2017_1278_1300,0.218014387276
2017_1278_1305,0.31701924475
2017_1278_1308,0.543691173227
2017_1278_1309,0.106960797512
2017_1278_1314,0.677102618083
2017_1278_1315,0.151455913303
2017_1278_1321,0.700905839767
2017_1278_1323,0.500683908154
2017_1278_1329,0.323965923048
2017_1278_1332,0.835531014428
2017_1278_1343,0.533123184442
2017_1278_1344,0.665431328122
2017_1278_1345,0.363611981582
2017_1278_1348,0.139355713649
2017_1278_1355,0.494885211051
2017_1278_1371,0.813847680072
2017_1278_1374,0.789665079053
2017_1278_1376,0.728845387061
2017_1278_1388,0.390751351064
2017_1278_1407,0.773033816561
2017_1278_1411,0.496406059764
2017_1278_1413,0.104140767139
2017_1278_1417,0.361105294651
2017_1278_1423,0.162937794615
2017_1278_1425,0.358017879653
2017_1278_1433,0.718821349344
2017_1278_1435,0.555935764653
2017_1278_1436,0.203332127891
2017_1278_1437,0.430259934021
2017_1278_1438,0.524360129543
2017_1278_1439,0.819034589708
2017_1278_1448,0.704890618475
2017_1278_1452,0.423528704267
2017_1278_1455,0.688320238903
2017_1278_1457,0.561978750375
2017_1278_1458,0.640611267029
2017_1278_1462,0.712371385337
2017_1291_1292,0.608052262632
2017_1291_1297,0.505585960426
2017_1291_1300,0.186141003527
2017_1291_1305,0.68256802274
2017_1291_1308,0.155003776911
2017_1291_1309,0.800920351448
2017_1291_1314,0.580090434694
2017_1291_1315,0.219568950807
2017_1291_1321,0.801623427579
2017_1291_1323,0.776836460451
2017_1291_1329,0.526973558095
2017_1291_1332,0.675934828079
2017_1291_1343,0.453953729414
2017_1291_1344,0.563152087129
2017_1291_1345,0.484312183866
2017_1291_1348,0.156262928001
2017_1291_1355,0.170275308183
2017_1291_1371,0.457968677637
2017_1291_1374,0.773946472966
2017_1291_1376,0.710565754449
2017_1291_1388,0.776464242525
2017_1291_1407,0.677598466282
2017_1291_1411,0.51421077668
2017_1291_1413,0.42295912366
2017_1291_1417,0.158713617914
2017_1291_1423,0.110182770886
2017_1291_1425,0.731270479092
2017_1291_1433,0.375413407934
2017_1291_1435,0.509663654321
2017_1291_1436,0.730457040033
2017_1291_1437,0.223775941191
2017_1291_1438,0.407578538145
2017_1291_1439,0.34091763517
2017_1291_1448,0.436731148915
2017_1291_1452,0.435295176526
2017_1291_1455,0.518993720503
2017_1291_1457,0.597594519575
2017_1291_1458,0.553994478934
2017_1291_1462,0.635940473243
2017_1292_1297,0.603017218609
2017_1292_1300,0.849779064117
2017_1292_1305,0.896911124524
2017_1292_1308,0.925628688917
2017_1292_1309,0.820279495436
2017_1292_1314,0.356907102796
2017_1292_1315,0.451866667588
2017_1292_1321,0.523757059495
2017_1292_1323,0.318350353612
2017_1292_1329,0.877466009171
2017_1292_1332,0.920931804904
2017_1292_1343,0.940626784266
2017_1292_1344,0.856529323946
2017_1292_1345,0.2402018158
2017_1292_1348,0.313742830477
2017_1292_1355,0.393918635027
2017_1292_1371,0.199565085232
2017_1292_1374,0.510526421383
2017_1292_1376,0.594742820686
2017_1292_1388,0.530454297564
2017_1292_1407,0.137372101681
2017_1292_1411,0.604002534585
2017_1292_1413,0.111544265752
2017_1292_1417,0.734067896294
2017_1292_1423,0.846616633145
2017_1292_1425,0.896046543183
2017_1292_1433,0.866226687902
2017_1292_1435,0.481354389243
2017_1292_1436,0.904583138962
2017_1292_1437,0.439162949241
2017_1292_1438,0.949488176195
2017_1292_1439,0.244686112096
2017_1292_1448,0.312698634278
2017_1292_1452,0.280331450998
2017_1292_1455,0.0404080409385
2017_1292_1457,0.362154398451
2017_1292_1458,0.0326578316966
2017_1292_1462,0.494908573681
2017_1297_1300,0.269486284991
2017_1297_1305,0.359970528759
2017_1297_1308,0.434120130398
2017_1297_1309,0.233924771789
2017_1297_1314,0.297591377001
2017_1297_1315,0.0639729813869
2017_1297_1321,0.519659061153
2017_1297_1323,0.523025207317
2017_1297_1329,0.622377903904
2017_1297_1332,0.681179553924
2017_1297_1343,0.485395975345
2017_1297_1344,0.558623363198
2017_1297_1345,0.198049425586
2017_1297_1348,0.771049571881
2017_1297_1355,0.355115607833
2017_1297_1371,0.448589163291
2017_1297_1374,0.512175946406
2017_1297_1376,0.32031391023
2017_1297_1388,0.390238121409
2017_1297_1407,0.0977905287196
2017_1297_1411,0.631452793596
2017_1297_1413,0.59056729353
2017_1297_1417,0.678128350535
2017_1297_1423,0.741423702193
2017_1297_1425,0.545227278113
2017_1297_1433,0.618943436167
2017_1297_1435,0.237858613975
2017_1297_1436,0.823403003451
2017_1297_1437,0.536960486707
2017_1297_1438,0.698684023459
2017_1297_1439,0.485864711643
2017_1297_1448,0.534824744679
2017_1297_1452,0.196278046951
2017_1297_1455,0.778848003581
2017_1297_1457,0.551671148884
2017_1297_1458,0.151292788338
2017_1297_1462,0.632291107915
2017_1300_1305,0.130105811866
2017_1300_1308,0.747188217287
2017_1300_1309,0.722439325626
2017_1300_1314,0.4804426402
2017_1300_1315,0.638975761149
2017_1300_1321,0.398616509032
2017_1300_1323,0.543046941415
2017_1300_1329,0.692835962917
2017_1300_1332,0.494004725456
2017_1300_1343,0.539744993194
2017_1300_1344,0.193976453495
2017_1300_1345,0.786722524522
2017_1300_1348,0.632254850106
2017_1300_1355,0.200096685754
2017_1300_1371,0.698198824552
2017_1300_1374,0.168410497894
2017_1300_1376,0.806892841199
2017_1300_1388,0.777605911564
2017_1300_1407,0.546265506151
2017_1300_1411,0.704463151392
2017_1300_1413,0.475219367843
2017_1300_1417,0.881800702446
2017_1300_1423,0.918129370533
2017_1300_1425,0.855954135337
2017_1300_1433,0.855019640407
2017_1300_1435,0.905683047521
2017_1300_1436,0.556188982654
2017_1300_1437,0.932570238551
2017_1300_1438,0.503548411579
2017_1300_1439,0.968717340897
2017_1300_1448,0.961060986453
2017_1300_1452,0.860480341017
2017_1300_1455,0.932313706154
2017_1300_1457,0.821434442043
2017_1300_1458,0.867017792936
2017_1300_1462,0.912775187915
2017_1305_1308,0.934032757512
2017_1305_1309,0.84432903716
2017_1305_1314,0.882576864597
2017_1305_1315,0.574621707381
2017_1305_1321,0.963758297729
2017_1305_1323,0.865529685335
2017_1305_1329,0.82821867969
2017_1305_1332,0.496587118937
2017_1305_1343,0.592510604285
2017_1305_1344,0.674937023088
2017_1305_1345,0.743615445312
2017_1305_1348,0.542807471558
2017_1305_1355,0.614446058268
2017_1305_1371,0.24781727662
2017_1305_1374,0.824645375036
2017_1305_1376,0.596933572176
2017_1305_1388,0.521388694071
2017_1305_1407,0.180062769635
2017_1305_1411,0.206856398352
2017_1305_1413,0.359806914887
2017_1305_1417,0.260149034344
2017_1305_1423,0.248490671974
2017_1305_1425,0.449514674463
2017_1305_1433,0.233024664523
2017_1305_1435,0.274098612951
2017_1305_1436,0.0645905921343
2017_1305_1437,0.551542363253
2017_1305_1438,0.0414457881881
2017_1305_1439,0.308517265219
2017_1305_1448,0.0488786174931
2017_1305_1452,0.394250024458
2017_1305_1455,0.0396253466816
2017_1305_1457,0.532684202477
2017_1305_1458,0.510419030028
2017_1305_1462,0.253499516726
2017_1308_1309,0.385919795789
2017_1308_1314,0.189945371105
2017_1308_1315,0.0455640598931
2017_1308_1321,0.190233599738
2017_1308_1323,0.346511962883
2017_1308_1329,0.425418956666
2017_1308_1332,0.51449064302
2017_1308_1343,0.292462601852
2017_1308_1344,0.360974582305
2017_1308_1345,0.0897386352497
2017_1308_1348,0.615329148186
2017_1308_1355,0.352257080616
2017_1308_1371,0.278030449096
2017_1308_1374,0.0561309536311
2017_1308_1376,0.576864032077
2017_1308_1388,0.26155338372
2017_1308_1407,0.343386992402
2017_1308_1411,0.416120476408
2017_1308_1413,0.22513040038
2017_1308_1417,0.287449679701
2017_1308_1423,0.0614009039661
2017_1308_1425,0.518206957149
2017_1308_1433,0.266447340554
2017_1308_1435,0.211746608083
2017_1308_1436,0.0387184384954
2017_1308_1437,0.481748902131
2017_1308_1438,0.365725934205
2017_1308_1439,0.438982545185
2017_1308_1448,0.522093205639
2017_1308_1452,0.311803033694
2017_1308_1455,0.383011862671
2017_1308_1457,0.101159702937
2017_1308_1458,0.642794023476
2017_1308_1462,0.367859232494
2017_1309_1314,0.290498082461
2017_1309_1315,0.0650062455461
2017_1309_1321,0.610235605827
2017_1309_1323,0.545649996456
2017_1309_1329,0.652868732046
2017_1309_1332,0.712270639198
2017_1309_1343,0.510304503429
2017_1309_1344,0.582270094846
2017_1309_1345,0.211713411614
2017_1309_1348,0.782587331237
2017_1309_1355,0.553062658902
2017_1309_1371,0.494422273387
2017_1309_1374,0.159281368482
2017_1309_1376,0.751133925966
2017_1309_1388,0.599277656843
2017_1309_1407,0.855140496424
2017_1309_1411,0.74193821515
2017_1309_1413,0.630652803232
2017_1309_1417,0.619659703165
2017_1309_1423,0.797943722141
2017_1309_1425,0.614169834497
2017_1309_1433,0.657582363748
2017_1309_1435,0.29814412463
2017_1309_1436,0.868508479663
2017_1309_1437,0.236371268276
2017_1309_1438,0.686266941204
2017_1309_1439,0.250852017199
2017_1309_1448,0.753577981285
2017_1309_1452,0.215912370231
2017_1309_1455,0.850439822817
2017_1309_1457,0.831752541291
2017_1309_1458,0.613042680141
2017_1309_1462,0.753411940291
2017_1314_1315,0.54112160824
2017_1314_1321,0.233799028317
2017_1314_1323,0.537036434272
2017_1314_1329,0.773716574578
2017_1314_1332,0.832170167481
2017_1314_1343,0.749278521149
2017_1314_1344,0.597447580023
2017_1314_1345,0.890739382854
2017_1314_1348,0.839094327246
2017_1314_1355,0.934387529248
2017_1314_1371,0.878030759434
2017_1314_1374,0.880369230751
2017_1314_1376,0.952347941229
2017_1314_1388,0.874623694456
2017_1314_1407,0.89518680074
2017_1314_1411,0.623153189515
2017_1314_1413,0.975247775548
2017_1314_1417,0.556441169739
2017_1314_1423,0.908216668286
2017_1314_1425,0.571894530003
2017_1314_1433,0.935597744473
2017_1314_1435,0.524157816139
2017_1314_1436,0.969224817685
2017_1314_1437,0.963099245655
2017_1314_1438,0.868742699479
2017_1314_1439,0.936584641478
2017_1314_1448,0.82936886097
2017_1314_1452,0.545919783497
2017_1314_1455,0.82816242237
2017_1314_1457,0.9456070823
2017_1314_1458,0.963659761949
2017_1314_1462,0.934630612339
2017_1315_1321,0.861414115181
2017_1315_1323,0.919212339211
2017_1315_1329,0.948023396023
2017_1315_1332,0.963273630878
2017_1315_1343,0.900375673426
2017_1315_1344,0.926802222723
2017_1315_1345,0.678516591286
2017_1315_1348,0.981846655476
2017_1315_1355,0.917587345381
2017_1315_1371,0.887564351809
2017_1315_1374,0.598753126957
2017_1315_1376,0.977328695399
2017_1315_1388,0.855391671191
2017_1315_1407,0.591330681313
2017_1315_1411,0.430942079166
2017_1315_1413,0.519556170062
2017_1315_1417,0.413656029248
2017_1315_1423,0.380640694734
2017_1315_1425,0.662136234832
2017_1315_1433,0.290527314376
2017_1315_1435,0.0843387761534
2017_1315_1436,0.346985214369
2017_1315_1437,0.0632056504484
2017_1315_1438,0.43245980053
2017_1315_1439,0.0487045569979
2017_1315_1448,0.572220962082
2017_1315_1452,0.54939240735
2017_1315_1455,0.293615626244
2017_1315_1457,0.431928442716
2017_1315_1458,0.221785322339
2017_1315_1462,0.057411924811
2017_1321_1323,0.219810412347
2017_1321_1329,0.445280709665
2017_1321_1332,0.543061396983
2017_1321_1343,0.423109929996
2017_1321_1344,0.281857914885
2017_1321_1345,0.0287726815574
2017_1321_1348,0.66977547413
2017_1321_1355,0.754249829368
2017_1321_1371,0.800977949509
2017_1321_1374,0.634479549787
2017_1321_1376,0.699521842737
2017_1321_1388,0.314644116902
2017_1321_1407,0.871757753327
2017_1321_1411,0.671206254955
2017_1321_1413,0.609403451418
2017_1321_1417,0.249031253164
2017_1321_1423,0.852338298024
2017_1321_1425,0.546337712373
2017_1321_1433,0.243772207853
2017_1321_1435,0.81705722293
2017_1321_1436,0.558218771017
2017_1321_1437,0.633896656365
2017_1321_1438,0.520058324387
2017_1321_1439,0.504116948486
2017_1321_1448,0.759645437136
2017_1321_1452,0.384624378794
2017_1321_1455,0.130717363827
2017_1321_1457,0.592962595067
2017_1321_1458,0.171359127957
2017_1321_1462,0.673293674906
2017_1323_1329,0.142183103935
2017_1323_1332,0.791719457784
2017_1323_1343,0.767811987108
2017_1323_1344,0.513273596527
2017_1323_1345,0.665053837749
2017_1323_1348,0.437480655422
2017_1323_1355,0.156431227978
2017_1323_1371,0.440002568696
2017_1323_1374,0.691033900638
2017_1323_1376,0.767849167533
2017_1323_1388,0.662885903383
2017_1323_1407,0.498059387304
2017_1323_1411,0.0967523524632
2017_1323_1413,0.359123045041
2017_1323_1417,0.352905865194
2017_1323_1423,0.432093201395
2017_1323_1425,0.317647576626
2017_1323_1433,0.310138785138
2017_1323_1435,0.566448823139
2017_1323_1436,0.209993776486
2017_1323_1437,0.0519087021377
2017_1323_1438,0.362801495359
2017_1323_1439,0.0639992742633
2017_1323_1448,0.444895245823
2017_1323_1452,0.050628701108
2017_1323_1455,0.584503474357
2017_1323_1457,0.553620499055
2017_1323_1458,0.294880132951
2017_1323_1462,0.44185449649
2017_1329_1332,0.229196423712
2017_1329_1343,0.0578524115317
2017_1329_1344,0.233724667182
2017_1329_1345,0.461311182999
2017_1329_1348,0.557102026678
2017_1329_1355,0.434277157583
2017_1329_1371,0.279234696798
2017_1329_1374,0.0315894321551
2017_1329_1376,0.176902043466
2017_1329_1388,0.825736326552
2017_1329_1407,0.930044952015
2017_1329_1411,0.695935798923
2017_1329_1413,0.378308970299
2017_1329_1417,0.910266054148
2017_1329_1423,0.791190128857
2017_1329_1425,0.821992417232
2017_1329_1433,0.477574979177
2017_1329_1435,0.947448115163
2017_1329_1436,0.416586386826
2017_1329_1437,0.854492242479
2017_1329_1438,0.784637113075
2017_1329_1439,0.904923212842
2017_1329_1448,0.858189625797
2017_1329_1452,0.45625354567
2017_1329_1455,0.89733881965
2017_1329_1457,0.41119480345
2017_1329_1458,0.945445466473
2017_1329_1462,0.934566634898
2017_1332_1343,0.804709990727
2017_1332_1344,0.900463514324
2017_1332_1345,0.751880191699
2017_1332_1348,0.432432333532
2017_1332_1355,0.748498491439
2017_1332_1371,0.903798207632
2017_1332_1374,0.938060449972
2017_1332_1376,0.896157570085
2017_1332_1388,0.785233044723
2017_1332_1407,0.324740880102
2017_1332_1411,0.685314845971
2017_1332_1413,0.467244422989
2017_1332_1417,0.786256090756
2017_1332_1423,0.794395430571
2017_1332_1425,0.445956065481
2017_1332_1433,0.476057953056
2017_1332_1435,0.751788591859
2017_1332_1436,0.458873720836
2017_1332_1437,0.796224929928
2017_1332_1438,0.968756556084
2017_1332_1439,0.975848096226
2017_1332_1448,0.886273500201
2017_1332_1452,0.913869949851
2017_1332_1455,0.916792036904
2017_1332_1457,0.740603405861
2017_1332_1458,0.698377518953
2017_1332_1462,0.928190327134
2017_1343_1344,0.298331719144
2017_1343_1345,0.954140041153
2017_1343_1348,0.963341340594
2017_1343_1355,0.845854298787
2017_1343_1371,0.658093949885
2017_1343_1374,0.882214955035
2017_1343_1376,0.448049809069
2017_1343_1388,0.861315535065
2017_1343_1407,0.624977314395
2017_1343_1411,0.595948338182
2017_1343_1413,0.874332120101
2017_1343_1417,0.198233188299
2017_1343_1423,0.260932335456
2017_1343_1425,0.558270216788
2017_1343_1433,0.118171992197
2017_1343_1435,0.600042533857
2017_1343_1436,0.300979921596
2017_1343_1437,0.277510987542
2017_1343_1438,0.628631398684
2017_1343_1439,0.0484224884726
2017_1343_1448,0.0743205876673
2017_1343_1452,0.651456252155
2017_1343_1455,0.187841049292
2017_1343_1457,0.265412943856
2017_1343_1458,0.568460285824
2017_1343_1462,0.347740222812
2017_1344_1345,0.681427734565
2017_1344_1348,0.0687518257158
2017_1344_1355,0.094092870195
2017_1344_1371,0.925116798382
2017_1344_1374,0.559772404487
2017_1344_1376,0.669509919543
2017_1344_1388,0.89217333503
2017_1344_1407,0.766004083309
2017_1344_1411,0.942322910011
2017_1344_1413,0.342158640619
2017_1344_1417,0.408690772157
2017_1344_1423,0.773761561392
2017_1344_1425,0.796798586687
2017_1344_1433,0.515121223678
2017_1344_1435,0.287344143544
2017_1344_1436,0.391905186831
2017_1344_1437,0.703695159327
2017_1344_1438,0.667434753409
2017_1344_1439,0.24551946009
2017_1344_1448,0.841557303882
2017_1344_1452,0.370900736482
2017_1344_1455,0.831360717806
2017_1344_1457,0.591236584113
2017_1344_1458,0.695405567945
2017_1344_1462,0.305274421283
2017_1345_1348,0.53512787379
2017_1345_1355,0.854275198865
2017_1345_1371,0.180126406252
2017_1345_1374,0.236284148377
2017_1345_1376,0.566552814951
2017_1345_1388,0.370210698058
2017_1345_1407,0.404416837734
2017_1345_1411,0.151747418705
2017_1345_1413,0.0527973876598
2017_1345_1417,0.0917873430713
2017_1345_1423,0.297967400122
2017_1345_1425,0.261517926282
2017_1345_1433,0.0419990956191
2017_1345_1435,0.105578340715
2017_1345_1436,0.494648454389
2017_1345_1437,0.530006168799
2017_1345_1438,0.241206186002
2017_1345_1439,0.100468775742
2017_1345_1448,0.164558698663
2017_1345_1452,0.428223851459
2017_1345_1455,0.371989850197
2017_1345_1457,0.0794246166321
2017_1345_1458,0.181817587453
2017_1345_1462,0.752201429507
2017_1348_1355,0.776612734894
2017_1348_1371,0.49388828509
2017_1348_1374,0.271749410536
2017_1348_1376,0.36736310134
2017_1348_1388,0.686845004703
2017_1348_1407,0.641043498953
2017_1348_1411,0.219679816868
2017_1348_1413,0.420720879533
2017_1348_1417,0.584164399163
2017_1348_1423,0.614786258601
2017_1348_1425,0.31383991093
2017_1348_1433,0.140428189166
2017_1348_1435,0.219193955677
2017_1348_1436,0.504661397154
2017_1348_1437,0.45406944576
2017_1348_1438,0.119559517701
2017_1348_1439,0.235153323413
2017_1348_1448,0.0733798570019
2017_1348_1452,0.299075971461
2017_1348_1455,0.223094147558
2017_1348_1457,0.701787309642
2017_1348_1458,0.353558280371
2017_1348_1462,0.487967462495
2017_1355_1371,0.905892161091
2017_1355_1374,0.655933739542
2017_1355_1376,0.736765705168
2017_1355_1388,0.933115953579
2017_1355_1407,0.758280074576
2017_1355_1411,0.32627407685
2017_1355_1413,0.66518631192
2017_1355_1417,0.366443430957
2017_1355_1423,0.100390024182
2017_1355_1425,0.30178542026
2017_1355_1433,0.119034636834
2017_1355_1435,0.535980168067
2017_1355_1436,0.223771424299
2017_1355_1437,0.0245648352177
2017_1355_1438,0.198937965811
2017_1355_1439,0.613280138743
2017_1355_1448,0.698064983247
2017_1355_1452,0.897822980679
2017_1355_1455,0.835740596012
2017_1355_1457,0.777827133273
2017_1355_1458,0.702289778614
2017_1355_1462,0.63790273011
2017_1371_1374,0.453167649171
2017_1371_1376,0.915073886563
2017_1371_1388,0.845421414963
2017_1371_1407,0.813602341041
2017_1371_1411,0.39463972352
2017_1371_1413,0.231080251138
2017_1371_1417,0.0478063992611
2017_1371_1423,0.940334973588
2017_1371_1425,0.874342102015
2017_1371_1433,0.574175126621
2017_1371_1435,0.472185684006
2017_1371_1436,0.313288697498
2017_1371_1437,0.378127363182
2017_1371_1438,0.705655930878
2017_1371_1439,0.0928036556073
2017_1371_1448,0.703934051252
2017_1371_1452,0.20306818344
2017_1371_1455,0.722743537314
2017_1371_1457,0.491450688615
2017_1371_1458,0.801515806174
2017_1371_1462,0.147065552201
2017_1374_1376,0.514812533173
2017_1374_1388,0.339430229815
2017_1374_1407,0.0861545408671
2017_1374_1411,0.395758487972
2017_1374_1413,0.289820207504
2017_1374_1417,0.878430853925
2017_1374_1423,0.423854706433
2017_1374_1425,0.0684136577198
2017_1374_1433,0.924412071473
2017_1374_1435,0.54795557623
2017_1374_1436,0.94575270397
2017_1374_1437,0.224378482252
2017_1374_1438,0.0283491905999
2017_1374_1439,0.0206541737463
2017_1374_1448,0.348000701928
2017_1374_1452,0.0446917414265
2017_1374_1455,0.42894629313
2017_1374_1457,0.595977292939
2017_1374_1458,0.634987683414
2017_1374_1462,0.179052250639
2017_1376_1388,0.15806189987
2017_1376_1407,0.768040722506
2017_1376_1411,0.460931793975
2017_1376_1413,0.0773807948131
2017_1376_1417,0.523791453803
2017_1376_1423,0.697313478644
2017_1376_1425,0.30868433269
2017_1376_1433,0.683679826011
2017_1376_1435,0.197403654281
2017_1376_1436,0.172309622307
2017_1376_1437,0.802650217063
2017_1376_1438,0.718027491633
2017_1376_1439,0.915809495323
2017_1376_1448,0.536639363712
2017_1376_1452,0.50048877965
2017_1376_1455,0.959965110282
2017_1376_1457,0.932978685976
2017_1376_1458,0.741659191024
2017_1376_1462,0.270954762184
2017_1388_1407,0.24162698363
2017_1388_1411,0.862871995329
2017_1388_1413,0.785519493643
2017_1388_1417,0.416487325882
2017_1388_1423,0.0647848983096
2017_1388_1425,0.501119817439
2017_1388_1433,0.69714543887
2017_1388_1435,0.292965571317
2017_1388_1436,0.242988713776
2017_1388_1437,0.0583009499595
2017_1388_1438,0.184168472649
2017_1388_1439,0.263952993996
2017_1388_1448,0.0558342055274
2017_1388_1452,0.567070648878
2017_1388_1455,0.461478730773
2017_1388_1457,0.475150584751
2017_1388_1458,0.475918403173
2017_1388_1462,0.625900192931
2017_1407_1411,0.287400733456
2017_1407_1413,0.242897137836
2017_1407_1417,0.0618878135468
2017_1407_1423,0.179336820656
2017_1407_1425,0.439590645947
2017_1407_1433,0.0710893017933
2017_1407_1435,0.0572293895595
2017_1407_1436,0.597881145241
2017_1407_1437,0.462274629814
2017_1407_1438,0.528710763578
2017_1407_1439,0.520241892506
2017_1407_1448,0.604209469808
2017_1407_1452,0.18572136684
2017_1407_1455,0.799182610952
2017_1407_1457,0.171576288483
2017_1407_1458,0.783379592207
2017_1407_1462,0.717446740983
2017_1411_1413,0.705990375658
2017_1411_1417,0.723983916692
2017_1411_1423,0.828053945463
2017_1411_1425,0.530938187967
2017_1411_1433,0.479418977694
2017_1411_1435,0.181290672062
2017_1411_1436,0.380639926688
2017_1411_1437,0.705214161073
2017_1411_1438,0.965564765768
2017_1411_1439,0.715588383253
2017_1411_1448,0.678581243988
2017_1411_1452,0.987617461031
2017_1411_1455,0.974871969848
2017_1411_1457,0.979934138899
2017_1411_1458,0.979743994931
2017_1411_1462,0.928444896123
2017_1413_1417,0.762345140654
2017_1413_1423,0.286159429361
2017_1413_1425,0.254958119356
2017_1413_1433,0.863131005569
2017_1413_1435,0.802107856725
2017_1413_1436,0.818814682123
2017_1413_1437,0.820824623369
2017_1413_1438,0.619265633883
2017_1413_1439,0.216637838839
2017_1413_1448,0.853213471818
2017_1413_1452,0.365977348352
2017_1413_1455,0.673453793944
2017_1413_1457,0.0851646861176
2017_1413_1458,0.777352020209
2017_1413_1462,0.658891870578
2017_1417_1423,0.937653543714
2017_1417_1425,0.774922831407
2017_1417_1433,0.871161728161
2017_1417_1435,0.111243911215
2017_1417_1436,0.876068910099
2017_1417_1437,0.977557168754
2017_1417_1438,0.837795823371
2017_1417_1439,0.967695832678
2017_1417_1448,0.446637153386
2017_1417_1452,0.864118905653
2017_1417_1455,0.131061264655
2017_1417_1457,0.169049669236
2017_1417_1458,0.144349137728
2017_1417_1462,0.42887473075
2017_1423_1425,0.150692359895
2017_1423_1433,0.200871038354
2017_1423_1435,0.629905409356
2017_1423_1436,0.0340193213375
2017_1423_1437,0.0542392282717
2017_1423_1438,0.634524245738
2017_1423_1439,0.478360903398
2017_1423_1448,0.791547541565
2017_1423_1452,0.477309776273
2017_1423_1455,0.729395657877
2017_1423_1457,0.297055342499
2017_1423_1458,0.638106252209
2017_1423_1462,0.308057926856
2017_1425_1433,0.582825093612
2017_1425_1435,0.154843392714
2017_1425_1436,0.350649340282
2017_1425_1437,0.74475390346
2017_1425_1438,0.330586779748
2017_1425_1439,0.732575618961
2017_1425_1448,0.812654984443
2017_1425_1452,0.979482062546
2017_1425_1455,0.86914370959
2017_1425_1457,0.835330261799
2017_1425_1458,0.156192809182
2017_1425_1462,0.0400763125777
2017_1433_1435,0.295346304334
2017_1433_1436,0.701104251906
2017_1433_1437,0.746500492567
2017_1433_1438,0.93966242553
2017_1433_1439,0.800006199356
2017_1433_1448,0.895343811629
2017_1433_1452,0.629754759601
2017_1433_1455,0.583196537311
2017_1433_1457,0.256770465882
2017_1433_1458,0.45081508736
2017_1433_1462,0.177158823389
2017_1435_1436,0.704858343694
2017_1435_1437,0.29606603709
2017_1435_1438,0.256041784283
2017_1435_1439,0.063390941063
2017_1435_1448,0.977581852305
2017_1435_1452,0.876114310918
2017_1435_1455,0.976563167678
2017_1435_1457,0.792869344467
2017_1435_1458,0.477871505231
2017_1435_1462,0.901852644517
2017_1436_1437,0.640292401487
2017_1436_1438,0.601623197966
2017_1436_1439,0.268730583866
2017_1436_1448,0.138160608683
2017_1436_1452,0.0297239331337
2017_1436_1455,0.0537795747285
2017_1436_1457,0.61657603559
2017_1436_1458,0.0743032604263
2017_1436_1462,0.689310194708
2017_1437_1438,0.803148632972
2017_1437_1439,0.849104488095
2017_1437_1448,0.970940249806
2017_1437_1452,0.847047715082
2017_1437_1455,0.813329158008
2017_1437_1457,0.990720545726
2017_1437_1458,0.931256439054
2017_1437_1462,0.912745831931
2017_1438_1439,0.493266572216
2017_1438_1448,0.0785063988387
2017_1438_1452,0.964836996004
2017_1438_1455,0.368788523717
2017_1438_1457,0.473456858863
2017_1438_1458,0.554074973067
2017_1438_1462,0.554536309974
2017_1439_1448,0.589324064653
2017_1439_1452,0.466924705356
2017_1439_1455,0.0147768156729
2017_1439_1457,0.0179395998663
2017_1439_1458,0.145698207788
2017_1439_1462,0.160803817125
2017_1448_1452,0.875894043989
2017_1448_1455,0.060600400357
2017_1448_1457,0.0641090032244
2017_1448_1458,0.721109303549
2017_1448_1462,0.731642046053
2017_1452_1455,0.977901656296
2017_1452_1457,0.523796106318
2017_1452_1458,0.756259012462
2017_1452_1462,0.152955797383
2017_1455_1457,0.476953532782
2017_1455_1458,0.791322056715
2017_1455_1462,0.820718444737
2017_1457_1458,0.668803873895
2017_1457_1462,0.239307131087
2017_1458_1462,0.282853915268
